-- MySQL dump 10.13  Distrib 8.0.18, for Win64 (x86_64)
--
-- Host: email.agereklama.cz    Database: prisma_perf_issue
-- ------------------------------------------------------
-- Server version	8.0.28

/*!40101 SET @OLD_CHARACTER_SET_CLIENT=@@CHARACTER_SET_CLIENT */;
/*!40101 SET @OLD_CHARACTER_SET_RESULTS=@@CHARACTER_SET_RESULTS */;
/*!40101 SET @OLD_COLLATION_CONNECTION=@@COLLATION_CONNECTION */;
/*!50503 SET NAMES utf8 */;
/*!40103 SET @OLD_TIME_ZONE=@@TIME_ZONE */;
/*!40103 SET TIME_ZONE='+00:00' */;
/*!40014 SET @OLD_UNIQUE_CHECKS=@@UNIQUE_CHECKS, UNIQUE_CHECKS=0 */;
/*!40014 SET @OLD_FOREIGN_KEY_CHECKS=@@FOREIGN_KEY_CHECKS, FOREIGN_KEY_CHECKS=0 */;
/*!40101 SET @OLD_SQL_MODE=@@SQL_MODE, SQL_MODE='NO_AUTO_VALUE_ON_ZERO' */;
/*!40111 SET @OLD_SQL_NOTES=@@SQL_NOTES, SQL_NOTES=0 */;

--
-- Table structure for table `undonosskup`
--

DROP TABLE IF EXISTS `undonosskup`;
/*!40101 SET @saved_cs_client     = @@character_set_client */;
/*!50503 SET character_set_client = utf8mb4 */;
CREATE TABLE `undonosskup` (
  `idUndo` int unsigned NOT NULL,
  `idObdobi` smallint unsigned NOT NULL,
  `ncis` int NOT NULL,
  `idSkup` smallint unsigned NOT NULL,
  `idMotiv` smallint unsigned NOT NULL,
  `produkce` tinyint DEFAULT NULL,
  `nsPozn` varchar(80) CHARACTER SET cp1250 COLLATE cp1250_czech_cs DEFAULT NULL,
  PRIMARY KEY (`idUndo`,`idObdobi`,`ncis`,`idSkup`),
  KEY `ncis` (`ncis`),
  KEY `undoID` (`idUndo`)
) ENGINE=InnoDB DEFAULT CHARSET=cp1250 COLLATE=cp1250_czech_cs;
/*!40101 SET character_set_client = @saved_cs_client */;

--
-- Dumping data for table `undonosskup`
--

LOCK TABLES `undonosskup` WRITE;
/*!40000 ALTER TABLE `undonosskup` DISABLE KEYS */;
INSERT INTO `undonosskup` VALUES (59792,163,16730,54,3586,NULL,NULL),(59792,163,16735,54,3596,NULL,NULL),(59792,163,16736,54,3596,NULL,NULL),(59792,163,16738,54,3587,NULL,NULL),(59792,163,16739,54,3587,NULL,NULL),(59792,163,16740,54,3596,NULL,NULL),(59792,163,16741,54,3587,NULL,NULL),(59792,163,16742,54,3587,NULL,NULL),(59792,163,16743,54,3587,NULL,NULL),(59792,163,16744,54,3587,NULL,NULL),(59792,163,16745,54,3596,NULL,NULL),(59792,163,16746,54,3587,NULL,NULL),(59792,163,16750,54,3587,NULL,NULL),(59792,163,16751,54,3587,NULL,NULL),(59792,163,16755,54,3596,NULL,NULL),(59792,163,16761,54,3587,NULL,NULL),(59792,163,16762,54,3587,NULL,NULL),(59792,163,16763,54,3596,NULL,NULL),(59792,163,16764,54,3596,NULL,NULL),(59792,163,16765,54,3587,NULL,NULL),(59792,163,16767,54,3587,NULL,NULL),(59792,163,16770,54,3587,NULL,NULL),(59792,163,16772,54,3587,NULL,NULL),(59792,163,16773,54,3587,NULL,NULL),(59792,163,16844,54,3596,NULL,NULL),(59792,163,16846,54,3596,NULL,NULL),(59792,163,22513,54,3587,NULL,NULL),(59792,163,771925,54,3586,NULL,NULL),(59792,163,825055,54,3586,NULL,NULL),(59792,163,825057,54,12,NULL,NULL),(59792,163,825068,54,12,NULL,NULL),(59792,163,825176,54,12,NULL,NULL),(59792,163,825430,54,3586,NULL,NULL),(59792,163,825430,508,4929,NULL,NULL),(59792,163,825456,54,12,NULL,NULL),(59792,163,825551,54,3586,NULL,NULL),(59792,163,825551,508,4929,NULL,NULL),(59792,163,825553,54,3586,NULL,NULL),(59792,163,825559,54,12,NULL,NULL),(59792,163,825787,54,12,NULL,NULL),(59792,163,825790,54,3586,NULL,NULL),(59792,163,825820,54,12,NULL,NULL),(59792,163,825875,54,12,NULL,NULL),(59792,163,825883,54,12,NULL,NULL),(59792,163,3200502,54,3586,NULL,NULL),(59792,163,3200502,508,4929,NULL,NULL),(59792,163,3202688,54,12,NULL,NULL),(59792,163,3203012,54,3586,NULL,NULL),(59792,163,3203012,508,4929,NULL,NULL),(59792,163,3204296,54,3586,NULL,NULL),(59792,163,3204296,508,4929,NULL,NULL),(59792,163,3231435,54,12,NULL,NULL),(59792,163,3241581,54,12,NULL,NULL),(59792,163,3250672,54,3586,NULL,NULL),(59792,163,3250672,508,4929,NULL,NULL),(59792,163,3251907,54,3586,NULL,NULL),(59792,163,3251907,508,4929,NULL,NULL),(59792,163,3261307,54,12,NULL,NULL),(59792,163,3261454,54,12,NULL,NULL),(59792,163,3261454,508,4929,NULL,NULL),(59792,163,7740071,54,12,NULL,NULL),(59792,163,274300078,54,3586,NULL,NULL),(59792,164,16730,54,3586,NULL,NULL),(59792,164,16735,54,3596,NULL,NULL),(59792,164,16736,54,3596,NULL,NULL),(59792,164,16738,54,3587,NULL,NULL),(59792,164,16739,54,3587,NULL,NULL),(59792,164,16740,54,3596,NULL,NULL),(59792,164,16741,54,3587,NULL,NULL),(59792,164,16742,54,3587,NULL,NULL),(59792,164,16743,54,3587,NULL,NULL),(59792,164,16744,54,3587,NULL,NULL),(59792,164,16745,54,3596,NULL,NULL),(59792,164,16746,54,3587,NULL,NULL),(59792,164,16750,54,3587,NULL,NULL),(59792,164,16751,54,3587,NULL,NULL),(59792,164,16755,54,3596,NULL,NULL),(59792,164,16761,54,3587,NULL,NULL),(59792,164,16762,54,3587,NULL,NULL),(59792,164,16763,54,3596,NULL,NULL),(59792,164,16764,54,3596,NULL,NULL),(59792,164,16765,54,3587,NULL,NULL),(59792,164,16767,54,3587,NULL,NULL),(59792,164,16770,54,3587,NULL,NULL),(59792,164,16772,54,3587,NULL,NULL),(59792,164,16773,54,3587,NULL,NULL),(59792,164,16844,54,3596,NULL,NULL),(59792,164,16846,54,3596,NULL,NULL),(59792,164,22513,54,3587,NULL,NULL),(59792,164,771925,54,3586,NULL,NULL),(59792,164,825055,54,3586,NULL,NULL),(59792,164,825057,54,12,NULL,NULL),(59792,164,825068,54,12,NULL,NULL),(59792,164,825176,54,12,NULL,NULL),(59792,164,825430,54,3586,NULL,NULL),(59792,164,825456,54,12,NULL,NULL),(59792,164,825551,54,3586,NULL,NULL),(59792,164,825553,54,3586,NULL,NULL),(59792,164,825559,54,12,NULL,NULL),(59792,164,825787,54,12,NULL,NULL),(59792,164,825790,54,3586,NULL,NULL),(59792,164,825820,54,12,NULL,NULL),(59792,164,825875,54,12,NULL,NULL),(59792,164,825883,54,12,NULL,NULL),(59792,164,3200502,54,3586,NULL,NULL),(59792,164,3202688,54,12,NULL,NULL),(59792,164,3203012,54,3586,NULL,NULL),(59792,164,3204296,54,3586,NULL,NULL),(59792,164,3231435,54,12,NULL,NULL),(59792,164,3241581,54,12,NULL,NULL),(59792,164,3250672,54,3586,NULL,NULL),(59792,164,3251907,54,3586,NULL,NULL),(59792,164,3261307,54,12,NULL,NULL),(59792,164,3261454,54,12,NULL,NULL),(59792,164,7740071,54,12,NULL,NULL),(59792,164,274300078,54,3586,NULL,NULL),(59792,165,16730,54,3586,NULL,NULL),(59792,165,16735,54,3596,NULL,NULL),(59792,165,16736,54,3596,NULL,NULL),(59792,165,16738,54,3587,NULL,NULL),(59792,165,16739,54,3587,NULL,NULL),(59792,165,16740,54,3596,NULL,NULL),(59792,165,16741,54,3587,NULL,NULL),(59792,165,16742,54,3587,NULL,NULL),(59792,165,16743,54,3587,NULL,NULL),(59792,165,16744,54,3587,NULL,NULL),(59792,165,16745,54,3596,NULL,NULL),(59792,165,16746,54,3587,NULL,NULL),(59792,165,16750,54,3587,NULL,NULL),(59792,165,16751,54,3587,NULL,NULL),(59792,165,16755,54,3596,NULL,NULL),(59792,165,16761,54,3587,NULL,NULL),(59792,165,16762,54,3587,NULL,NULL),(59792,165,16763,54,3596,NULL,NULL),(59792,165,16764,54,3596,NULL,NULL),(59792,165,16765,54,3587,NULL,NULL),(59792,165,16767,54,3587,NULL,NULL),(59792,165,16770,54,3587,NULL,NULL),(59792,165,16772,54,3587,NULL,NULL),(59792,165,16773,54,3587,NULL,NULL),(59792,165,16844,54,3596,NULL,NULL),(59792,165,16846,54,3596,NULL,NULL),(59792,165,22513,54,3587,NULL,NULL),(59792,165,771925,54,3586,NULL,NULL),(59792,165,825055,54,3586,NULL,NULL),(59792,165,825057,54,12,NULL,NULL),(59792,165,825068,54,12,NULL,NULL),(59792,165,825176,54,12,NULL,NULL),(59792,165,825430,54,3586,NULL,NULL),(59792,165,825456,54,12,NULL,NULL),(59792,165,825551,54,3586,NULL,NULL),(59792,165,825553,54,3586,NULL,NULL),(59792,165,825559,54,12,NULL,NULL),(59792,165,825787,54,12,NULL,NULL),(59792,165,825790,54,3586,NULL,NULL),(59792,165,825820,54,12,NULL,NULL),(59792,165,825875,54,12,NULL,NULL),(59792,165,825883,54,12,NULL,NULL),(59792,165,3200502,54,3586,NULL,NULL),(59792,165,3202688,54,12,NULL,NULL),(59792,165,3203012,54,3586,NULL,NULL),(59792,165,3204296,54,3586,NULL,NULL),(59792,165,3231435,54,12,NULL,NULL),(59792,165,3241581,54,12,NULL,NULL),(59792,165,3250672,54,3586,NULL,NULL),(59792,165,3251907,54,3586,NULL,NULL),(59792,165,3261307,54,12,NULL,NULL),(59792,165,3261454,54,12,NULL,NULL),(59792,165,7740071,54,12,NULL,NULL),(59792,165,274300078,54,3586,NULL,NULL),(59792,166,16730,54,3586,NULL,NULL),(59792,166,16735,54,3596,NULL,NULL),(59792,166,16736,54,3596,NULL,NULL),(59792,166,16738,54,3587,NULL,NULL),(59792,166,16739,54,3587,NULL,NULL),(59792,166,16740,54,3596,NULL,NULL),(59792,166,16741,54,3587,NULL,NULL),(59792,166,16742,54,3587,NULL,NULL),(59792,166,16743,54,3587,NULL,NULL),(59792,166,16744,54,3587,NULL,NULL),(59792,166,16745,54,3596,NULL,NULL),(59792,166,16746,54,3587,NULL,NULL),(59792,166,16750,54,3587,NULL,NULL),(59792,166,16751,54,3587,NULL,NULL),(59792,166,16755,54,3596,NULL,NULL),(59792,166,16761,54,3587,NULL,NULL),(59792,166,16762,54,3587,NULL,NULL),(59792,166,16763,54,3596,NULL,NULL),(59792,166,16764,54,3596,NULL,NULL),(59792,166,16765,54,3587,NULL,NULL),(59792,166,16767,54,3587,NULL,NULL),(59792,166,16770,54,3587,NULL,NULL),(59792,166,16772,54,3587,NULL,NULL),(59792,166,16773,54,3587,NULL,NULL),(59792,166,16844,54,3596,NULL,NULL),(59792,166,16846,54,3596,NULL,NULL),(59792,166,22513,54,3587,NULL,NULL),(59792,166,771925,54,3586,NULL,NULL),(59792,166,825055,54,3586,NULL,NULL),(59792,166,825057,54,12,NULL,NULL),(59792,166,825068,54,12,NULL,NULL),(59792,166,825176,54,12,NULL,NULL),(59792,166,825430,54,3586,NULL,NULL),(59792,166,825456,54,12,NULL,NULL),(59792,166,825551,54,3586,NULL,NULL),(59792,166,825553,54,3586,NULL,NULL),(59792,166,825559,54,12,NULL,NULL),(59792,166,825787,54,12,NULL,NULL),(59792,166,825790,54,3586,NULL,NULL),(59792,166,825820,54,12,NULL,NULL),(59792,166,825875,54,12,NULL,NULL),(59792,166,825883,54,12,NULL,NULL),(59792,166,3200502,54,3586,NULL,NULL),(59792,166,3202688,54,12,NULL,NULL),(59792,166,3203012,54,3586,NULL,NULL),(59792,166,3204296,54,3586,NULL,NULL),(59792,166,3231435,54,12,NULL,NULL),(59792,166,3241581,54,12,NULL,NULL),(59792,166,3250672,54,3586,NULL,NULL),(59792,166,3251907,54,3586,NULL,NULL),(59792,166,3261307,54,12,NULL,NULL),(59792,166,3261454,54,12,NULL,NULL),(59792,166,7740071,54,12,NULL,NULL),(59792,166,274300078,54,3586,NULL,NULL),(59792,167,16730,54,3586,NULL,NULL),(59792,167,16735,54,3596,NULL,NULL),(59792,167,16736,54,3596,NULL,NULL),(59792,167,16738,54,3587,NULL,NULL),(59792,167,16739,54,3587,NULL,NULL),(59792,167,16740,54,3596,NULL,NULL),(59792,167,16741,54,3587,NULL,NULL),(59792,167,16742,54,3587,NULL,NULL),(59792,167,16743,54,3587,NULL,NULL),(59792,167,16744,54,3587,NULL,NULL),(59792,167,16745,54,3596,NULL,NULL),(59792,167,16746,54,3587,NULL,NULL),(59792,167,16750,54,3587,NULL,NULL),(59792,167,16751,54,3587,NULL,NULL),(59792,167,16755,54,3596,NULL,NULL),(59792,167,16761,54,3587,NULL,NULL),(59792,167,16762,54,3587,NULL,NULL),(59792,167,16763,54,3596,NULL,NULL),(59792,167,16764,54,3596,NULL,NULL),(59792,167,16765,54,3587,NULL,NULL),(59792,167,16767,54,3587,NULL,NULL),(59792,167,16770,54,3587,NULL,NULL),(59792,167,16772,54,3587,NULL,NULL),(59792,167,16773,54,3587,NULL,NULL),(59792,167,16844,54,3596,NULL,NULL),(59792,167,16846,54,3596,NULL,NULL),(59792,167,22513,54,3587,NULL,NULL),(59792,167,771925,54,3586,NULL,NULL),(59792,167,825055,54,3586,NULL,NULL),(59792,167,825057,54,12,NULL,NULL),(59792,167,825068,54,12,NULL,NULL),(59792,167,825176,54,12,NULL,NULL),(59792,167,825430,54,3586,NULL,NULL),(59792,167,825456,54,12,NULL,NULL),(59792,167,825551,54,3586,NULL,NULL),(59792,167,825553,54,3586,NULL,NULL),(59792,167,825559,54,12,NULL,NULL),(59792,167,825787,54,12,NULL,NULL),(59792,167,825790,54,3586,NULL,NULL),(59792,167,825820,54,12,NULL,NULL),(59792,167,825875,54,12,NULL,NULL),(59792,167,825883,54,12,NULL,NULL),(59792,167,3200502,54,3586,NULL,NULL),(59792,167,3202688,54,12,NULL,NULL),(59792,167,3203012,54,3586,NULL,NULL),(59792,167,3204296,54,3586,NULL,NULL),(59792,167,3231435,54,12,NULL,NULL),(59792,167,3241581,54,12,NULL,NULL),(59792,167,3250672,54,3586,NULL,NULL),(59792,167,3251907,54,3586,NULL,NULL),(59792,167,3261307,54,12,NULL,NULL),(59792,167,3261454,54,12,NULL,NULL),(59792,167,7740071,54,12,NULL,NULL),(59792,167,274300078,54,3586,NULL,NULL),(59792,168,16730,54,3586,NULL,NULL),(59792,168,16735,54,3596,NULL,NULL),(59792,168,16736,54,3596,NULL,NULL),(59792,168,16738,54,3587,NULL,NULL),(59792,168,16739,54,3587,NULL,NULL),(59792,168,16740,54,3596,NULL,NULL),(59792,168,16741,54,3587,NULL,NULL),(59792,168,16742,54,3587,NULL,NULL),(59792,168,16743,54,3587,NULL,NULL),(59792,168,16744,54,3587,NULL,NULL),(59792,168,16745,54,3596,NULL,NULL),(59792,168,16746,54,3587,NULL,NULL),(59792,168,16750,54,3587,NULL,NULL),(59792,168,16751,54,3587,NULL,NULL),(59792,168,16755,54,3596,NULL,NULL),(59792,168,16761,54,3587,NULL,NULL),(59792,168,16762,54,3587,NULL,NULL),(59792,168,16763,54,3596,NULL,NULL),(59792,168,16764,54,3596,NULL,NULL),(59792,168,16765,54,3587,NULL,NULL),(59792,168,16767,54,3587,NULL,NULL),(59792,168,16770,54,3587,NULL,NULL),(59792,168,16772,54,3587,NULL,NULL),(59792,168,16773,54,3587,NULL,NULL),(59792,168,16844,54,3596,NULL,NULL),(59792,168,16846,54,3596,NULL,NULL),(59792,168,22513,54,3587,NULL,NULL),(59792,168,771925,54,3586,NULL,NULL),(59792,168,825055,54,3586,NULL,NULL),(59792,168,825057,54,12,NULL,NULL),(59792,168,825068,54,12,NULL,NULL),(59792,168,825176,54,12,NULL,NULL),(59792,168,825430,54,3586,NULL,NULL),(59792,168,825456,54,12,NULL,NULL),(59792,168,825551,54,3586,NULL,NULL),(59792,168,825553,54,3586,NULL,NULL),(59792,168,825559,54,12,NULL,NULL),(59792,168,825787,54,12,NULL,NULL),(59792,168,825790,54,3586,NULL,NULL),(59792,168,825820,54,12,NULL,NULL),(59792,168,825875,54,12,NULL,NULL),(59792,168,825883,54,12,NULL,NULL),(59792,168,3200502,54,3586,NULL,NULL),(59792,168,3202688,54,12,NULL,NULL),(59792,168,3203012,54,3586,NULL,NULL),(59792,168,3204296,54,3586,NULL,NULL),(59792,168,3231435,54,12,NULL,NULL),(59792,168,3241581,54,12,NULL,NULL),(59792,168,3250672,54,3586,NULL,NULL),(59792,168,3251907,54,3586,NULL,NULL),(59792,168,3261307,54,12,NULL,NULL),(59792,168,3261454,54,12,NULL,NULL),(59792,168,7740071,54,12,NULL,NULL),(59792,168,274300078,54,3586,NULL,NULL),(59792,169,16730,54,3586,NULL,NULL),(59792,169,16735,54,3596,NULL,NULL),(59792,169,16736,54,3596,NULL,NULL),(59792,169,16738,54,3587,NULL,NULL),(59792,169,16739,54,3587,NULL,NULL),(59792,169,16740,54,3596,NULL,NULL),(59792,169,16741,54,3587,NULL,NULL),(59792,169,16742,54,3587,NULL,NULL),(59792,169,16743,54,3587,NULL,NULL),(59792,169,16744,54,3587,NULL,NULL),(59792,169,16745,54,3596,NULL,NULL),(59792,169,16746,54,3587,NULL,NULL),(59792,169,16750,54,3587,NULL,NULL),(59792,169,16751,54,3587,NULL,NULL),(59792,169,16755,54,3596,NULL,NULL),(59792,169,16761,54,3587,NULL,NULL),(59792,169,16762,54,3587,NULL,NULL),(59792,169,16763,54,3596,NULL,NULL),(59792,169,16764,54,3596,NULL,NULL),(59792,169,16765,54,3587,NULL,NULL),(59792,169,16767,54,3587,NULL,NULL),(59792,169,16770,54,3587,NULL,NULL),(59792,169,16772,54,3587,NULL,NULL),(59792,169,16773,54,3587,NULL,NULL),(59792,169,16844,54,3596,NULL,NULL),(59792,169,16846,54,3596,NULL,NULL),(59792,169,22513,54,3587,NULL,NULL),(59792,169,771925,54,3586,NULL,NULL),(59792,169,825055,54,3586,NULL,NULL),(59792,169,825057,54,12,NULL,NULL),(59792,169,825068,54,12,NULL,NULL),(59792,169,825176,54,12,NULL,NULL),(59792,169,825430,54,3586,NULL,NULL),(59792,169,825456,54,12,NULL,NULL),(59792,169,825551,54,3586,NULL,NULL),(59792,169,825553,54,3586,NULL,NULL),(59792,169,825559,54,12,NULL,NULL),(59792,169,825787,54,12,NULL,NULL),(59792,169,825790,54,3586,NULL,NULL),(59792,169,825820,54,12,NULL,NULL),(59792,169,825875,54,12,NULL,NULL),(59792,169,825883,54,12,NULL,NULL),(59792,169,3200502,54,3586,NULL,NULL),(59792,169,3202688,54,12,NULL,NULL),(59792,169,3203012,54,3586,NULL,NULL),(59792,169,3204296,54,3586,NULL,NULL),(59792,169,3231435,54,12,NULL,NULL),(59792,169,3241581,54,12,NULL,NULL),(59792,169,3250672,54,3586,NULL,NULL),(59792,169,3251907,54,3586,NULL,NULL),(59792,169,3261307,54,12,NULL,NULL),(59792,169,3261454,54,12,NULL,NULL),(59792,169,7740071,54,12,NULL,NULL),(59792,169,274300078,54,3586,NULL,NULL),(59792,170,16730,54,3586,NULL,NULL),(59792,170,16735,54,3596,NULL,NULL),(59792,170,16736,54,3596,NULL,NULL),(59792,170,16738,54,3587,NULL,NULL),(59792,170,16739,54,3587,NULL,NULL),(59792,170,16740,54,3596,NULL,NULL),(59792,170,16741,54,3587,NULL,NULL),(59792,170,16742,54,3587,NULL,NULL),(59792,170,16743,54,3587,NULL,NULL),(59792,170,16744,54,3587,NULL,NULL),(59792,170,16745,54,3596,NULL,NULL),(59792,170,16746,54,3587,NULL,NULL),(59792,170,16750,54,3587,NULL,NULL),(59792,170,16751,54,3587,NULL,NULL),(59792,170,16755,54,3596,NULL,NULL),(59792,170,16761,54,3587,NULL,NULL),(59792,170,16762,54,3587,NULL,NULL),(59792,170,16763,54,3596,NULL,NULL),(59792,170,16764,54,3596,NULL,NULL),(59792,170,16765,54,3587,NULL,NULL),(59792,170,16767,54,3587,NULL,NULL),(59792,170,16770,54,3587,NULL,NULL),(59792,170,16772,54,3587,NULL,NULL),(59792,170,16773,54,3587,NULL,NULL),(59792,170,16844,54,3596,NULL,NULL),(59792,170,16846,54,3596,NULL,NULL),(59792,170,22513,54,3587,NULL,NULL),(59792,170,771925,54,3586,NULL,NULL),(59792,170,825055,54,3586,NULL,NULL),(59792,170,825057,54,12,NULL,NULL),(59792,170,825068,54,12,NULL,NULL),(59792,170,825176,54,12,NULL,NULL),(59792,170,825430,54,3586,NULL,NULL),(59792,170,825456,54,12,NULL,NULL),(59792,170,825551,54,3586,NULL,NULL),(59792,170,825553,54,3586,NULL,NULL),(59792,170,825559,54,12,NULL,NULL),(59792,170,825787,54,12,NULL,NULL),(59792,170,825790,54,3586,NULL,NULL),(59792,170,825820,54,12,NULL,NULL),(59792,170,825875,54,12,NULL,NULL),(59792,170,825883,54,12,NULL,NULL),(59792,170,3200502,54,3586,NULL,NULL),(59792,170,3202688,54,12,NULL,NULL),(59792,170,3203012,54,3586,NULL,NULL),(59792,170,3204296,54,3586,NULL,NULL),(59792,170,3231435,54,12,NULL,NULL),(59792,170,3241581,54,12,NULL,NULL),(59792,170,3250672,54,3586,NULL,NULL),(59792,170,3251907,54,3586,NULL,NULL),(59792,170,3261307,54,12,NULL,NULL),(59792,170,3261454,54,12,NULL,NULL),(59792,170,7740071,54,12,NULL,NULL),(59792,170,274300078,54,3586,NULL,NULL),(59792,171,16730,54,3586,NULL,NULL),(59792,171,16735,54,3596,NULL,NULL),(59792,171,16736,54,3596,NULL,NULL),(59792,171,16738,54,3587,NULL,NULL),(59792,171,16739,54,3587,NULL,NULL),(59792,171,16740,54,3596,NULL,NULL),(59792,171,16741,54,3587,NULL,NULL),(59792,171,16742,54,3587,NULL,NULL),(59792,171,16743,54,3587,NULL,NULL),(59792,171,16744,54,3587,NULL,NULL),(59792,171,16745,54,3596,NULL,NULL),(59792,171,16746,54,3587,NULL,NULL),(59792,171,16750,54,3587,NULL,NULL),(59792,171,16751,54,3587,NULL,NULL),(59792,171,16755,54,3596,NULL,NULL),(59792,171,16761,54,3587,NULL,NULL),(59792,171,16762,54,3587,NULL,NULL),(59792,171,16763,54,3596,NULL,NULL),(59792,171,16764,54,3596,NULL,NULL),(59792,171,16765,54,3587,NULL,NULL),(59792,171,16767,54,3587,NULL,NULL),(59792,171,16770,54,3587,NULL,NULL),(59792,171,16772,54,3587,NULL,NULL),(59792,171,16773,54,3587,NULL,NULL),(59792,171,16844,54,3596,NULL,NULL),(59792,171,16846,54,3596,NULL,NULL),(59792,171,22513,54,3587,NULL,NULL),(59792,171,771925,54,3586,NULL,NULL),(59792,171,825055,54,3586,NULL,NULL),(59792,171,825057,54,12,NULL,NULL),(59792,171,825068,54,12,NULL,NULL),(59792,171,825176,54,12,NULL,NULL),(59792,171,825430,54,3586,NULL,NULL),(59792,171,825456,54,12,NULL,NULL),(59792,171,825551,54,3586,NULL,NULL),(59792,171,825553,54,3586,NULL,NULL),(59792,171,825559,54,12,NULL,NULL),(59792,171,825787,54,12,NULL,NULL),(59792,171,825790,54,3586,NULL,NULL),(59792,171,825820,54,12,NULL,NULL),(59792,171,825875,54,12,NULL,NULL),(59792,171,825883,54,12,NULL,NULL),(59792,171,3200502,54,3586,NULL,NULL),(59792,171,3202688,54,12,NULL,NULL),(59792,171,3203012,54,3586,NULL,NULL),(59792,171,3204296,54,3586,NULL,NULL),(59792,171,3231435,54,12,NULL,NULL),(59792,171,3241581,54,12,NULL,NULL),(59792,171,3250672,54,3586,NULL,NULL),(59792,171,3251907,54,3586,NULL,NULL),(59792,171,3261307,54,12,NULL,NULL),(59792,171,3261454,54,12,NULL,NULL),(59792,171,7740071,54,12,NULL,NULL),(59792,171,274300078,54,3586,NULL,NULL),(59792,172,16730,54,3586,NULL,NULL),(59792,172,16735,54,3596,NULL,NULL),(59792,172,16736,54,3596,NULL,NULL),(59792,172,16738,54,3587,NULL,NULL),(59792,172,16739,54,3587,NULL,NULL),(59792,172,16740,54,3596,NULL,NULL),(59792,172,16741,54,3587,NULL,NULL),(59792,172,16742,54,3587,NULL,NULL),(59792,172,16743,54,3587,NULL,NULL),(59792,172,16744,54,3587,NULL,NULL),(59792,172,16745,54,3596,NULL,NULL),(59792,172,16746,54,3587,NULL,NULL),(59792,172,16750,54,3587,NULL,NULL),(59792,172,16751,54,3587,NULL,NULL),(59792,172,16755,54,3596,NULL,NULL),(59792,172,16761,54,3587,NULL,NULL),(59792,172,16762,54,3587,NULL,NULL),(59792,172,16763,54,3596,NULL,NULL),(59792,172,16764,54,3596,NULL,NULL),(59792,172,16765,54,3587,NULL,NULL),(59792,172,16767,54,3587,NULL,NULL),(59792,172,16770,54,3587,NULL,NULL),(59792,172,16772,54,3587,NULL,NULL),(59792,172,16773,54,3587,NULL,NULL),(59792,172,16844,54,3596,NULL,NULL),(59792,172,16846,54,3596,NULL,NULL),(59792,172,22513,54,3587,NULL,NULL),(59792,172,771925,54,3586,NULL,NULL),(59792,172,825055,54,3586,NULL,NULL),(59792,172,825057,54,12,NULL,NULL),(59792,172,825068,54,12,NULL,NULL),(59792,172,825176,54,12,NULL,NULL),(59792,172,825430,54,3586,NULL,NULL),(59792,172,825456,54,12,NULL,NULL),(59792,172,825551,54,3586,NULL,NULL),(59792,172,825553,54,3586,NULL,NULL),(59792,172,825559,54,12,NULL,NULL),(59792,172,825787,54,12,NULL,NULL),(59792,172,825790,54,3586,NULL,NULL),(59792,172,825820,54,12,NULL,NULL),(59792,172,825875,54,12,NULL,NULL),(59792,172,825883,54,12,NULL,NULL),(59792,172,3200502,54,3586,NULL,NULL),(59792,172,3202688,54,12,NULL,NULL),(59792,172,3203012,54,3586,NULL,NULL),(59792,172,3204296,54,3586,NULL,NULL),(59792,172,3231435,54,12,NULL,NULL),(59792,172,3241581,54,12,NULL,NULL),(59792,172,3250672,54,3586,NULL,NULL),(59792,172,3251907,54,3586,NULL,NULL),(59792,172,3261307,54,12,NULL,NULL),(59792,172,3261454,54,12,NULL,NULL),(59792,172,7740071,54,12,NULL,NULL),(59792,172,274300078,54,3586,NULL,NULL),(59792,173,16730,54,3586,NULL,NULL),(59792,173,16735,54,3596,NULL,NULL),(59792,173,16736,54,3596,NULL,NULL),(59792,173,16738,54,3587,NULL,NULL),(59792,173,16739,54,3587,NULL,NULL),(59792,173,16740,54,3596,NULL,NULL),(59792,173,16741,54,3587,NULL,NULL),(59792,173,16742,54,3587,NULL,NULL),(59792,173,16743,54,3587,NULL,NULL),(59792,173,16744,54,3587,NULL,NULL),(59792,173,16745,54,3596,NULL,NULL),(59792,173,16746,54,3587,NULL,NULL),(59792,173,16750,54,3587,NULL,NULL),(59792,173,16751,54,3587,NULL,NULL),(59792,173,16755,54,3596,NULL,NULL),(59792,173,16761,54,3587,NULL,NULL),(59792,173,16762,54,3587,NULL,NULL),(59792,173,16763,54,3596,NULL,NULL),(59792,173,16764,54,3596,NULL,NULL),(59792,173,16765,54,3587,NULL,NULL),(59792,173,16767,54,3587,NULL,NULL),(59792,173,16770,54,3587,NULL,NULL),(59792,173,16772,54,3587,NULL,NULL),(59792,173,16773,54,3587,NULL,NULL),(59792,173,16844,54,3596,NULL,NULL),(59792,173,16846,54,3596,NULL,NULL),(59792,173,22513,54,3587,NULL,NULL),(59792,173,771925,54,3586,NULL,NULL),(59792,173,825055,54,3586,NULL,NULL),(59792,173,825057,54,12,NULL,NULL),(59792,173,825068,54,12,NULL,NULL),(59792,173,825176,54,12,NULL,NULL),(59792,173,825430,54,3586,NULL,NULL),(59792,173,825456,54,12,NULL,NULL),(59792,173,825551,54,3586,NULL,NULL),(59792,173,825553,54,3586,NULL,NULL),(59792,173,825559,54,12,NULL,NULL),(59792,173,825787,54,12,NULL,NULL),(59792,173,825790,54,3586,NULL,NULL),(59792,173,825820,54,12,NULL,NULL),(59792,173,825875,54,12,NULL,NULL),(59792,173,825883,54,12,NULL,NULL),(59792,173,3200502,54,3586,NULL,NULL),(59792,173,3202688,54,12,NULL,NULL),(59792,173,3203012,54,3586,NULL,NULL),(59792,173,3204296,54,3586,NULL,NULL),(59792,173,3231435,54,12,NULL,NULL),(59792,173,3241581,54,12,NULL,NULL),(59792,173,3250672,54,3586,NULL,NULL),(59792,173,3251907,54,3586,NULL,NULL),(59792,173,3261307,54,12,NULL,NULL),(59792,173,3261454,54,12,NULL,NULL),(59792,173,7740071,54,12,NULL,NULL),(59792,173,274300078,54,3586,NULL,NULL),(59792,174,16730,54,3586,NULL,NULL),(59792,174,16735,54,3596,NULL,NULL),(59792,174,16736,54,3596,NULL,NULL),(59792,174,16738,54,3587,NULL,NULL),(59792,174,16739,54,3587,NULL,NULL),(59792,174,16740,54,3596,NULL,NULL),(59792,174,16741,54,3587,NULL,NULL),(59792,174,16742,54,3587,NULL,NULL),(59792,174,16743,54,3587,NULL,NULL),(59792,174,16744,54,3587,NULL,NULL),(59792,174,16745,54,3596,NULL,NULL),(59792,174,16746,54,3587,NULL,NULL),(59792,174,16750,54,3587,NULL,NULL),(59792,174,16751,54,3587,NULL,NULL),(59792,174,16755,54,3596,NULL,NULL),(59792,174,16761,54,3587,NULL,NULL),(59792,174,16762,54,3587,NULL,NULL),(59792,174,16763,54,3596,NULL,NULL),(59792,174,16764,54,3596,NULL,NULL),(59792,174,16765,54,3587,NULL,NULL),(59792,174,16767,54,3587,NULL,NULL),(59792,174,16770,54,3587,NULL,NULL),(59792,174,16772,54,3587,NULL,NULL),(59792,174,16773,54,3587,NULL,NULL),(59792,174,16844,54,3596,NULL,NULL),(59792,174,16846,54,3596,NULL,NULL),(59792,174,22513,54,3587,NULL,NULL),(59792,174,771925,54,3586,NULL,NULL),(59792,174,825055,54,3586,NULL,NULL),(59792,174,825057,54,12,NULL,NULL),(59792,174,825068,54,12,NULL,NULL),(59792,174,825176,54,12,NULL,NULL),(59792,174,825430,54,3586,NULL,NULL),(59792,174,825456,54,12,NULL,NULL),(59792,174,825551,54,3586,NULL,NULL),(59792,174,825553,54,3586,NULL,NULL),(59792,174,825559,54,12,NULL,NULL),(59792,174,825787,54,12,NULL,NULL),(59792,174,825790,54,3586,NULL,NULL),(59792,174,825820,54,12,NULL,NULL),(59792,174,825875,54,12,NULL,NULL),(59792,174,825883,54,12,NULL,NULL),(59792,174,3200502,54,3586,NULL,NULL),(59792,174,3202688,54,12,NULL,NULL),(59792,174,3203012,54,3586,NULL,NULL),(59792,174,3204296,54,3586,NULL,NULL),(59792,174,3231435,54,12,NULL,NULL),(59792,174,3241581,54,12,NULL,NULL),(59792,174,3250672,54,3586,NULL,NULL),(59792,174,3251907,54,3586,NULL,NULL),(59792,174,3261307,54,12,NULL,NULL),(59792,174,3261454,54,12,NULL,NULL),(59792,174,7740071,54,12,NULL,NULL),(59792,174,274300078,54,3586,NULL,NULL),(59793,163,16057,50,3567,NULL,NULL),(59793,163,17942,50,3568,NULL,NULL),(59793,163,19022,50,3567,NULL,NULL),(59793,163,27196,50,3567,NULL,NULL),(59793,163,220138,50,12,NULL,NULL),(59793,163,233875,50,3569,NULL,NULL),(59793,163,233880,50,3569,NULL,NULL),(59793,163,233995,50,3569,NULL,NULL),(59793,163,700799,50,12,NULL,NULL),(59793,163,773254,50,3567,NULL,NULL),(59793,163,773254,464,4798,NULL,NULL),(59793,163,790026,50,3567,NULL,NULL),(59793,163,790026,464,4798,NULL,NULL),(59793,163,825090,50,12,NULL,NULL),(59793,163,825114,50,12,NULL,NULL),(59793,163,825116,50,12,NULL,NULL),(59793,163,825139,50,12,NULL,NULL),(59793,163,825142,50,3567,NULL,NULL),(59793,163,825142,464,4798,NULL,NULL),(59793,163,825260,50,12,NULL,NULL),(59793,163,825365,50,12,NULL,NULL),(59793,163,825367,50,12,NULL,NULL),(59793,163,825921,50,3567,NULL,NULL),(59793,163,825921,464,4798,NULL,NULL),(59793,163,825955,50,12,NULL,NULL),(59793,163,3200662,50,3567,NULL,NULL),(59793,163,3200662,464,4798,NULL,NULL),(59793,163,3200692,50,12,NULL,NULL),(59793,163,3202388,464,4798,NULL,NULL),(59793,163,3202446,50,12,NULL,NULL),(59793,163,3202581,50,12,NULL,NULL),(59793,163,3202978,50,12,NULL,NULL),(59793,163,3204063,464,4798,NULL,NULL),(59793,163,3204326,50,3567,NULL,NULL),(59793,163,3204326,464,4798,NULL,NULL),(59793,163,3230820,50,12,NULL,NULL),(59793,163,3230840,50,12,NULL,NULL),(59793,163,3240031,50,12,NULL,NULL),(59793,163,3240031,464,4798,NULL,NULL),(59793,163,3241310,50,12,NULL,NULL),(59793,163,3250691,50,12,NULL,NULL),(59793,163,3252219,50,12,NULL,NULL),(59793,163,3260340,50,12,NULL,NULL),(59793,163,3260684,50,12,NULL,NULL),(59793,163,7500409,50,3567,NULL,NULL),(59793,163,7500409,464,4798,NULL,NULL),(59793,163,7500518,50,12,NULL,NULL),(59793,163,7740053,50,3567,NULL,NULL),(59793,163,7740053,464,4798,NULL,NULL),(59793,163,7740108,50,12,NULL,NULL),(59793,164,16057,50,3567,NULL,NULL),(59793,164,17942,50,3568,NULL,NULL),(59793,164,19022,50,3567,NULL,NULL),(59793,164,27196,50,3567,NULL,NULL),(59793,164,220138,50,12,NULL,NULL),(59793,164,233875,50,3569,NULL,NULL),(59793,164,233880,50,3569,NULL,NULL),(59793,164,233995,50,3569,NULL,NULL),(59793,164,700799,50,12,NULL,NULL),(59793,164,773254,50,3567,NULL,NULL),(59793,164,773254,509,4931,NULL,NULL),(59793,164,790026,50,3567,NULL,NULL),(59793,164,790026,509,4931,NULL,NULL),(59793,164,825090,50,12,NULL,NULL),(59793,164,825114,50,12,NULL,NULL),(59793,164,825116,50,12,NULL,NULL),(59793,164,825139,50,12,NULL,NULL),(59793,164,825142,50,3567,NULL,NULL),(59793,164,825142,509,4931,NULL,NULL),(59793,164,825260,50,12,NULL,NULL),(59793,164,825365,50,12,NULL,NULL),(59793,164,825367,50,12,NULL,NULL),(59793,164,825921,50,3567,NULL,NULL),(59793,164,825921,509,4931,NULL,NULL),(59793,164,825955,50,12,NULL,NULL),(59793,164,3200662,50,3567,NULL,NULL),(59793,164,3200662,509,4931,NULL,NULL),(59793,164,3200692,50,12,NULL,NULL),(59793,164,3202388,509,4931,NULL,NULL),(59793,164,3202446,50,12,NULL,NULL),(59793,164,3202581,50,12,NULL,NULL),(59793,164,3202978,50,12,NULL,NULL),(59793,164,3204063,509,4931,NULL,NULL),(59793,164,3204326,50,3567,NULL,NULL),(59793,164,3204326,509,4931,NULL,NULL),(59793,164,3230820,50,12,NULL,NULL),(59793,164,3230840,50,12,NULL,NULL),(59793,164,3240031,50,12,NULL,NULL),(59793,164,3240031,509,4931,NULL,NULL),(59793,164,3241310,50,12,NULL,NULL),(59793,164,3250691,50,12,NULL,NULL),(59793,164,3252219,50,12,NULL,NULL),(59793,164,3260340,50,12,NULL,NULL),(59793,164,3260684,50,12,NULL,NULL),(59793,164,7500409,50,3567,NULL,NULL),(59793,164,7500409,509,4931,NULL,NULL),(59793,164,7500518,50,12,NULL,NULL),(59793,164,7740053,50,3567,NULL,NULL),(59793,164,7740053,509,4931,NULL,NULL),(59793,164,7740108,50,12,NULL,NULL),(59793,165,16057,50,3567,NULL,NULL),(59793,165,17942,50,3568,NULL,NULL),(59793,165,19022,50,3567,NULL,NULL),(59793,165,27196,50,3567,NULL,NULL),(59793,165,220138,50,12,NULL,NULL),(59793,165,233875,50,3569,NULL,NULL),(59793,165,233880,50,3569,NULL,NULL),(59793,165,233995,50,3569,NULL,NULL),(59793,165,700799,50,12,NULL,NULL),(59793,165,773254,50,3567,NULL,NULL),(59793,165,790026,50,3567,NULL,NULL),(59793,165,825090,50,12,NULL,NULL),(59793,165,825114,50,12,NULL,NULL),(59793,165,825116,50,12,NULL,NULL),(59793,165,825139,50,12,NULL,NULL),(59793,165,825142,50,3567,NULL,NULL),(59793,165,825260,50,12,NULL,NULL),(59793,165,825365,50,12,NULL,NULL),(59793,165,825367,50,12,NULL,NULL),(59793,165,825921,50,3567,NULL,NULL),(59793,165,825955,50,12,NULL,NULL),(59793,165,3200662,50,3567,NULL,NULL),(59793,165,3200692,50,12,NULL,NULL),(59793,165,3202446,50,12,NULL,NULL),(59793,165,3202581,50,12,NULL,NULL),(59793,165,3202978,50,12,NULL,NULL),(59793,165,3204326,50,3567,NULL,NULL),(59793,165,3230820,50,12,NULL,NULL),(59793,165,3230840,50,12,NULL,NULL),(59793,165,3240031,50,12,NULL,NULL),(59793,165,3241310,50,12,NULL,NULL),(59793,165,3250691,50,12,NULL,NULL),(59793,165,3252219,50,12,NULL,NULL),(59793,165,3260340,50,12,NULL,NULL),(59793,165,3260684,50,12,NULL,NULL),(59793,165,7500409,50,3567,NULL,NULL),(59793,165,7500518,50,12,NULL,NULL),(59793,165,7740053,50,3567,NULL,NULL),(59793,165,7740108,50,12,NULL,NULL),(59793,166,16057,50,3567,NULL,NULL),(59793,166,17942,50,3568,NULL,NULL),(59793,166,19022,50,3567,NULL,NULL),(59793,166,27196,50,3567,NULL,NULL),(59793,166,220138,50,12,NULL,NULL),(59793,166,233875,50,3569,NULL,NULL),(59793,166,233880,50,3569,NULL,NULL),(59793,166,233995,50,3569,NULL,NULL),(59793,166,700799,50,12,NULL,NULL),(59793,166,773254,50,3567,NULL,NULL),(59793,166,790026,50,3567,NULL,NULL),(59793,166,825090,50,12,NULL,NULL),(59793,166,825114,50,12,NULL,NULL),(59793,166,825116,50,12,NULL,NULL),(59793,166,825139,50,12,NULL,NULL),(59793,166,825142,50,3567,NULL,NULL),(59793,166,825260,50,12,NULL,NULL),(59793,166,825365,50,12,NULL,NULL),(59793,166,825367,50,12,NULL,NULL),(59793,166,825921,50,3567,NULL,NULL),(59793,166,825955,50,12,NULL,NULL),(59793,166,3200662,50,3567,NULL,NULL),(59793,166,3200692,50,12,NULL,NULL),(59793,166,3202446,50,12,NULL,NULL),(59793,166,3202581,50,12,NULL,NULL),(59793,166,3202978,50,12,NULL,NULL),(59793,166,3204326,50,3567,NULL,NULL),(59793,166,3230820,50,12,NULL,NULL),(59793,166,3230840,50,12,NULL,NULL),(59793,166,3240031,50,12,NULL,NULL),(59793,166,3241310,50,12,NULL,NULL),(59793,166,3250691,50,12,NULL,NULL),(59793,166,3252219,50,12,NULL,NULL),(59793,166,3260340,50,12,NULL,NULL),(59793,166,3260684,50,12,NULL,NULL),(59793,166,7500409,50,3567,NULL,NULL),(59793,166,7500518,50,12,NULL,NULL),(59793,166,7740053,50,3567,NULL,NULL),(59793,166,7740108,50,12,NULL,NULL),(59793,167,16057,50,3567,NULL,NULL),(59793,167,17942,50,3568,NULL,NULL),(59793,167,19022,50,3567,NULL,NULL),(59793,167,27196,50,3567,NULL,NULL),(59793,167,220138,50,12,NULL,NULL),(59793,167,233875,50,3569,NULL,NULL),(59793,167,233880,50,3569,NULL,NULL),(59793,167,233995,50,3569,NULL,NULL),(59793,167,700799,50,12,NULL,NULL),(59793,167,773254,50,3567,NULL,NULL),(59793,167,790026,50,3567,NULL,NULL),(59793,167,825090,50,12,NULL,NULL),(59793,167,825114,50,12,NULL,NULL),(59793,167,825116,50,12,NULL,NULL),(59793,167,825139,50,12,NULL,NULL),(59793,167,825142,50,3567,NULL,NULL),(59793,167,825260,50,12,NULL,NULL),(59793,167,825365,50,12,NULL,NULL),(59793,167,825367,50,12,NULL,NULL),(59793,167,825921,50,3567,NULL,NULL),(59793,167,825955,50,12,NULL,NULL),(59793,167,3200662,50,3567,NULL,NULL),(59793,167,3200692,50,12,NULL,NULL),(59793,167,3202446,50,12,NULL,NULL),(59793,167,3202581,50,12,NULL,NULL),(59793,167,3202978,50,12,NULL,NULL),(59793,167,3204326,50,3567,NULL,NULL),(59793,167,3230820,50,12,NULL,NULL),(59793,167,3230840,50,12,NULL,NULL),(59793,167,3240031,50,12,NULL,NULL),(59793,167,3241310,50,12,NULL,NULL),(59793,167,3250691,50,12,NULL,NULL),(59793,167,3252219,50,12,NULL,NULL),(59793,167,3260340,50,12,NULL,NULL),(59793,167,3260684,50,12,NULL,NULL),(59793,167,7500409,50,3567,NULL,NULL),(59793,167,7500518,50,12,NULL,NULL),(59793,167,7740053,50,3567,NULL,NULL),(59793,167,7740108,50,12,NULL,NULL),(59793,168,16057,50,3567,NULL,NULL),(59793,168,17942,50,3568,NULL,NULL),(59793,168,19022,50,3567,NULL,NULL),(59793,168,27196,50,3567,NULL,NULL),(59793,168,220138,50,12,NULL,NULL),(59793,168,233875,50,3569,NULL,NULL),(59793,168,233880,50,3569,NULL,NULL),(59793,168,233995,50,3569,NULL,NULL),(59793,168,700799,50,12,NULL,NULL),(59793,168,773254,50,3567,NULL,NULL),(59793,168,790026,50,3567,NULL,NULL),(59793,168,825090,50,12,NULL,NULL),(59793,168,825114,50,12,NULL,NULL),(59793,168,825116,50,12,NULL,NULL),(59793,168,825139,50,12,NULL,NULL),(59793,168,825142,50,3567,NULL,NULL),(59793,168,825260,50,12,NULL,NULL),(59793,168,825365,50,12,NULL,NULL),(59793,168,825367,50,12,NULL,NULL),(59793,168,825921,50,3567,NULL,NULL),(59793,168,825955,50,12,NULL,NULL),(59793,168,3200662,50,3567,NULL,NULL),(59793,168,3200692,50,12,NULL,NULL),(59793,168,3202446,50,12,NULL,NULL),(59793,168,3202581,50,12,NULL,NULL),(59793,168,3202978,50,12,NULL,NULL),(59793,168,3204326,50,3567,NULL,NULL),(59793,168,3230820,50,12,NULL,NULL),(59793,168,3230840,50,12,NULL,NULL),(59793,168,3240031,50,12,NULL,NULL),(59793,168,3241310,50,12,NULL,NULL),(59793,168,3250691,50,12,NULL,NULL),(59793,168,3252219,50,12,NULL,NULL),(59793,168,3260340,50,12,NULL,NULL),(59793,168,3260684,50,12,NULL,NULL),(59793,168,7500409,50,3567,NULL,NULL),(59793,168,7500518,50,12,NULL,NULL),(59793,168,7740053,50,3567,NULL,NULL),(59793,168,7740108,50,12,NULL,NULL),(59793,169,16057,50,3567,NULL,NULL),(59793,169,17942,50,3568,NULL,NULL),(59793,169,19022,50,3567,NULL,NULL),(59793,169,27196,50,3567,NULL,NULL),(59793,169,220138,50,12,NULL,NULL),(59793,169,233875,50,3569,NULL,NULL),(59793,169,233880,50,3569,NULL,NULL),(59793,169,233995,50,3569,NULL,NULL),(59793,169,700799,50,12,NULL,NULL),(59793,169,773254,50,3567,NULL,NULL),(59793,169,790026,50,3567,NULL,NULL),(59793,169,825090,50,12,NULL,NULL),(59793,169,825114,50,12,NULL,NULL),(59793,169,825116,50,12,NULL,NULL),(59793,169,825139,50,12,NULL,NULL),(59793,169,825142,50,3567,NULL,NULL),(59793,169,825260,50,12,NULL,NULL),(59793,169,825365,50,12,NULL,NULL),(59793,169,825367,50,12,NULL,NULL),(59793,169,825921,50,3567,NULL,NULL),(59793,169,825955,50,12,NULL,NULL),(59793,169,3200662,50,3567,NULL,NULL),(59793,169,3200692,50,12,NULL,NULL),(59793,169,3202446,50,12,NULL,NULL),(59793,169,3202581,50,12,NULL,NULL),(59793,169,3202978,50,12,NULL,NULL),(59793,169,3204326,50,3567,NULL,NULL),(59793,169,3230820,50,12,NULL,NULL),(59793,169,3230840,50,12,NULL,NULL),(59793,169,3240031,50,12,NULL,NULL),(59793,169,3241310,50,12,NULL,NULL),(59793,169,3250691,50,12,NULL,NULL),(59793,169,3252219,50,12,NULL,NULL),(59793,169,3260340,50,12,NULL,NULL),(59793,169,3260684,50,12,NULL,NULL),(59793,169,7500409,50,3567,NULL,NULL),(59793,169,7500518,50,12,NULL,NULL),(59793,169,7740053,50,3567,NULL,NULL),(59793,169,7740108,50,12,NULL,NULL),(59793,170,16057,50,3567,NULL,NULL),(59793,170,17942,50,3568,NULL,NULL),(59793,170,19022,50,3567,NULL,NULL),(59793,170,27196,50,3567,NULL,NULL),(59793,170,220138,50,12,NULL,NULL),(59793,170,233875,50,3569,NULL,NULL),(59793,170,233880,50,3569,NULL,NULL),(59793,170,233995,50,3569,NULL,NULL),(59793,170,700799,50,12,NULL,NULL),(59793,170,773254,50,3567,NULL,NULL),(59793,170,790026,50,3567,NULL,NULL),(59793,170,825090,50,12,NULL,NULL),(59793,170,825114,50,12,NULL,NULL),(59793,170,825116,50,12,NULL,NULL),(59793,170,825139,50,12,NULL,NULL),(59793,170,825142,50,3567,NULL,NULL),(59793,170,825260,50,12,NULL,NULL),(59793,170,825365,50,12,NULL,NULL),(59793,170,825367,50,12,NULL,NULL),(59793,170,825921,50,3567,NULL,NULL),(59793,170,825955,50,12,NULL,NULL),(59793,170,3200662,50,3567,NULL,NULL),(59793,170,3200692,50,12,NULL,NULL),(59793,170,3202446,50,12,NULL,NULL),(59793,170,3202581,50,12,NULL,NULL),(59793,170,3202978,50,12,NULL,NULL),(59793,170,3204326,50,3567,NULL,NULL),(59793,170,3230820,50,12,NULL,NULL),(59793,170,3230840,50,12,NULL,NULL),(59793,170,3240031,50,12,NULL,NULL),(59793,170,3241310,50,12,NULL,NULL),(59793,170,3250691,50,12,NULL,NULL),(59793,170,3252219,50,12,NULL,NULL),(59793,170,3260340,50,12,NULL,NULL),(59793,170,3260684,50,12,NULL,NULL),(59793,170,7500409,50,3567,NULL,NULL),(59793,170,7500518,50,12,NULL,NULL),(59793,170,7740053,50,3567,NULL,NULL),(59793,170,7740108,50,12,NULL,NULL),(59793,171,16057,50,3567,NULL,NULL),(59793,171,17942,50,3568,NULL,NULL),(59793,171,19022,50,3567,NULL,NULL),(59793,171,27196,50,3567,NULL,NULL),(59793,171,220138,50,12,NULL,NULL),(59793,171,233875,50,3569,NULL,NULL),(59793,171,233880,50,3569,NULL,NULL),(59793,171,233995,50,3569,NULL,NULL),(59793,171,700799,50,12,NULL,NULL),(59793,171,773254,50,3567,NULL,NULL),(59793,171,790026,50,3567,NULL,NULL),(59793,171,825090,50,12,NULL,NULL),(59793,171,825114,50,12,NULL,NULL),(59793,171,825116,50,12,NULL,NULL),(59793,171,825139,50,12,NULL,NULL),(59793,171,825142,50,3567,NULL,NULL),(59793,171,825260,50,12,NULL,NULL),(59793,171,825365,50,12,NULL,NULL),(59793,171,825367,50,12,NULL,NULL),(59793,171,825921,50,3567,NULL,NULL),(59793,171,825955,50,12,NULL,NULL),(59793,171,3200662,50,3567,NULL,NULL),(59793,171,3200692,50,12,NULL,NULL),(59793,171,3202446,50,12,NULL,NULL),(59793,171,3202581,50,12,NULL,NULL),(59793,171,3202978,50,12,NULL,NULL),(59793,171,3204326,50,3567,NULL,NULL),(59793,171,3230820,50,12,NULL,NULL),(59793,171,3230840,50,12,NULL,NULL),(59793,171,3240031,50,12,NULL,NULL),(59793,171,3241310,50,12,NULL,NULL),(59793,171,3250691,50,12,NULL,NULL),(59793,171,3252219,50,12,NULL,NULL),(59793,171,3260340,50,12,NULL,NULL),(59793,171,3260684,50,12,NULL,NULL),(59793,171,7500409,50,3567,NULL,NULL),(59793,171,7500518,50,12,NULL,NULL),(59793,171,7740053,50,3567,NULL,NULL),(59793,171,7740108,50,12,NULL,NULL),(59793,172,16057,50,3567,NULL,NULL),(59793,172,17942,50,3568,NULL,NULL),(59793,172,19022,50,3567,NULL,NULL),(59793,172,27196,50,3567,NULL,NULL),(59793,172,220138,50,12,NULL,NULL),(59793,172,233875,50,3569,NULL,NULL),(59793,172,233880,50,3569,NULL,NULL),(59793,172,233995,50,3569,NULL,NULL),(59793,172,700799,50,12,NULL,NULL),(59793,172,773254,50,3567,NULL,NULL),(59793,172,790026,50,3567,NULL,NULL),(59793,172,825090,50,12,NULL,NULL),(59793,172,825114,50,12,NULL,NULL),(59793,172,825116,50,12,NULL,NULL),(59793,172,825139,50,12,NULL,NULL),(59793,172,825142,50,3567,NULL,NULL),(59793,172,825260,50,12,NULL,NULL),(59793,172,825365,50,12,NULL,NULL),(59793,172,825367,50,12,NULL,NULL),(59793,172,825921,50,3567,NULL,NULL),(59793,172,825955,50,12,NULL,NULL),(59793,172,3200662,50,3567,NULL,NULL),(59793,172,3200692,50,12,NULL,NULL),(59793,172,3202446,50,12,NULL,NULL),(59793,172,3202581,50,12,NULL,NULL),(59793,172,3202978,50,12,NULL,NULL),(59793,172,3204326,50,3567,NULL,NULL),(59793,172,3230820,50,12,NULL,NULL),(59793,172,3230840,50,12,NULL,NULL),(59793,172,3240031,50,12,NULL,NULL),(59793,172,3241310,50,12,NULL,NULL),(59793,172,3250691,50,12,NULL,NULL),(59793,172,3252219,50,12,NULL,NULL),(59793,172,3260340,50,12,NULL,NULL),(59793,172,3260684,50,12,NULL,NULL),(59793,172,7500409,50,3567,NULL,NULL),(59793,172,7500518,50,12,NULL,NULL),(59793,172,7740053,50,3567,NULL,NULL),(59793,172,7740108,50,12,NULL,NULL),(59793,173,16057,50,3567,NULL,NULL),(59793,173,17942,50,3568,NULL,NULL),(59793,173,19022,50,3567,NULL,NULL),(59793,173,27196,50,3567,NULL,NULL),(59793,173,220138,50,12,NULL,NULL),(59793,173,233875,50,3569,NULL,NULL),(59793,173,233880,50,3569,NULL,NULL),(59793,173,233995,50,3569,NULL,NULL),(59793,173,700799,50,12,NULL,NULL),(59793,173,773254,50,3567,NULL,NULL),(59793,173,790026,50,3567,NULL,NULL),(59793,173,825090,50,12,NULL,NULL),(59793,173,825114,50,12,NULL,NULL),(59793,173,825116,50,12,NULL,NULL),(59793,173,825139,50,12,NULL,NULL),(59793,173,825142,50,3567,NULL,NULL),(59793,173,825260,50,12,NULL,NULL),(59793,173,825365,50,12,NULL,NULL),(59793,173,825367,50,12,NULL,NULL),(59793,173,825921,50,3567,NULL,NULL),(59793,173,825955,50,12,NULL,NULL),(59793,173,3200662,50,3567,NULL,NULL),(59793,173,3200692,50,12,NULL,NULL),(59793,173,3202446,50,12,NULL,NULL),(59793,173,3202581,50,12,NULL,NULL),(59793,173,3202978,50,12,NULL,NULL),(59793,173,3204326,50,3567,NULL,NULL),(59793,173,3230820,50,12,NULL,NULL),(59793,173,3230840,50,12,NULL,NULL),(59793,173,3240031,50,12,NULL,NULL),(59793,173,3241310,50,12,NULL,NULL),(59793,173,3250691,50,12,NULL,NULL),(59793,173,3252219,50,12,NULL,NULL),(59793,173,3260340,50,12,NULL,NULL),(59793,173,3260684,50,12,NULL,NULL),(59793,173,7500409,50,3567,NULL,NULL),(59793,173,7500518,50,12,NULL,NULL),(59793,173,7740053,50,3567,NULL,NULL),(59793,173,7740108,50,12,NULL,NULL),(59793,174,16057,50,3567,NULL,NULL),(59793,174,17942,50,3568,NULL,NULL),(59793,174,19022,50,3567,NULL,NULL),(59793,174,27196,50,3567,NULL,NULL),(59793,174,220138,50,12,NULL,NULL),(59793,174,233875,50,3569,NULL,NULL),(59793,174,233880,50,3569,NULL,NULL),(59793,174,233995,50,3569,NULL,NULL),(59793,174,700799,50,12,NULL,NULL),(59793,174,773254,50,3567,NULL,NULL),(59793,174,790026,50,3567,NULL,NULL),(59793,174,825090,50,12,NULL,NULL),(59793,174,825114,50,12,NULL,NULL),(59793,174,825116,50,12,NULL,NULL),(59793,174,825139,50,12,NULL,NULL),(59793,174,825142,50,3567,NULL,NULL),(59793,174,825260,50,12,NULL,NULL),(59793,174,825365,50,12,NULL,NULL),(59793,174,825367,50,12,NULL,NULL),(59793,174,825921,50,3567,NULL,NULL),(59793,174,825955,50,12,NULL,NULL),(59793,174,3200662,50,3567,NULL,NULL),(59793,174,3200692,50,12,NULL,NULL),(59793,174,3202446,50,12,NULL,NULL),(59793,174,3202581,50,12,NULL,NULL),(59793,174,3202978,50,12,NULL,NULL),(59793,174,3204326,50,3567,NULL,NULL),(59793,174,3230820,50,12,NULL,NULL),(59793,174,3230840,50,12,NULL,NULL),(59793,174,3240031,50,12,NULL,NULL),(59793,174,3241310,50,12,NULL,NULL),(59793,174,3250691,50,12,NULL,NULL),(59793,174,3252219,50,12,NULL,NULL),(59793,174,3260340,50,12,NULL,NULL),(59793,174,3260684,50,12,NULL,NULL),(59793,174,7500409,50,3567,NULL,NULL),(59793,174,7500518,50,12,NULL,NULL),(59793,174,7740053,50,3567,NULL,NULL),(59793,174,7740108,50,12,NULL,NULL);
/*!40000 ALTER TABLE `undonosskup` ENABLE KEYS */;
UNLOCK TABLES;

--
-- Table structure for table `undozak`
--

DROP TABLE IF EXISTS `undozak`;
/*!40101 SET @saved_cs_client     = @@character_set_client */;
/*!50503 SET character_set_client = utf8mb4 */;
CREATE TABLE `undozak` (
  `idUndo` int unsigned NOT NULL AUTO_INCREMENT,
  `idZak` smallint unsigned NOT NULL,
  `uTime` datetime NOT NULL DEFAULT CURRENT_TIMESTAMP,
  `uPopis` varchar(80) CHARACTER SET cp1250 COLLATE cp1250_czech_cs DEFAULT NULL,
  `idOsoby` smallint unsigned DEFAULT NULL,
  `aktivni` tinyint DEFAULT '0',
  PRIMARY KEY (`idUndo`),
  KEY `undo_zak_idx` (`idZak`),
  KEY `undo_osoba_idx` (`idOsoby`),
  CONSTRAINT `undo_osoba` FOREIGN KEY (`idOsoby`) REFERENCES `osoby` (`idOsoby`),
  CONSTRAINT `undo_zak` FOREIGN KEY (`idZak`) REFERENCES `zakazky` (`idZak`) ON DELETE CASCADE
) ENGINE=InnoDB AUTO_INCREMENT=60990 DEFAULT CHARSET=cp1250 COLLATE=cp1250_czech_cs;
/*!40101 SET character_set_client = @saved_cs_client */;

--
-- Dumping data for table `undozak`
--

LOCK TABLES `undozak` WRITE;
/*!40000 ALTER TABLE `undozak` DISABLE KEYS */;
INSERT INTO `undozak` VALUES (59792,9769,'2022-02-11 08:05:22','Oteření zakázky',4,0),(59793,9757,'2022-02-11 08:05:54','Oteření zakázky',4,0),(59794,9672,'2022-02-11 08:22:22','Oteření zakázky',4,0),(59795,9889,'2022-02-11 08:49:19','Oteření zakázky',4,0),(59796,8664,'2022-02-11 08:52:23','Oteření zakázky',4,0);
/*!40000 ALTER TABLE `undozak` ENABLE KEYS */;
UNLOCK TABLES;

--
-- Table structure for table `undozaknos`
--

DROP TABLE IF EXISTS `undozaknos`;
/*!40101 SET @saved_cs_client     = @@character_set_client */;
/*!50503 SET character_set_client = utf8mb4 */;
CREATE TABLE `undozaknos` (
  `idUndo` int unsigned NOT NULL,
  `idObdobi` smallint unsigned NOT NULL,
  `ncis` int NOT NULL,
  `X` tinyint(1) DEFAULT NULL,
  `XZ` tinyint(1) DEFAULT NULL,
  `Aud` tinyint(1) DEFAULT NULL,
  `Obsaz` char(2) CHARACTER SET cp1250 COLLATE cp1250_czech_cs DEFAULT NULL,
  `Motiv` smallint unsigned DEFAULT NULL,
  `PCena` mediumint DEFAULT NULL,
  `TCena` smallint unsigned DEFAULT NULL,
  `Pocet` smallint NOT NULL DEFAULT '1',
  PRIMARY KEY (`idUndo`,`ncis`,`idObdobi`),
  KEY `undonos_obdobi` (`idObdobi`),
  KEY `undonos_ncis_idx` (`ncis`),
  KEY `undonos_idundo_idx` (`idUndo`),
  CONSTRAINT `undonos_ncis` FOREIGN KEY (`ncis`) REFERENCES `nosice` (`NCis`),
  CONSTRAINT `undonos_obdobi` FOREIGN KEY (`idObdobi`) REFERENCES `obdobi` (`idObdobi`),
  CONSTRAINT `undonos_zak` FOREIGN KEY (`idUndo`) REFERENCES `undozak` (`idUndo`) ON DELETE CASCADE
) ENGINE=InnoDB DEFAULT CHARSET=cp1250 COLLATE=cp1250_czech_cs;
/*!40101 SET character_set_client = @saved_cs_client */;

--
-- Dumping data for table `undozaknos`
--

LOCK TABLES `undozaknos` WRITE;
/*!40000 ALTER TABLE `undozaknos` DISABLE KEYS */;
INSERT INTO `undozaknos` VALUES (59792,163,16730,1,1,0,'DD',2337,9500,0,1),(59792,164,16730,1,1,0,'DD',2337,9500,0,1),(59792,165,16730,1,1,0,'DD',2337,9500,0,1),(59792,166,16730,1,1,0,'DD',2337,9500,0,1),(59792,167,16730,1,1,0,'DD',2337,9500,0,1),(59792,168,16730,1,1,0,'DD',2337,9500,0,1),(59792,169,16730,1,1,0,'DD',2337,9500,0,1),(59792,170,16730,1,1,0,'DD',2337,9500,0,1),(59792,171,16730,1,1,0,'DD',2337,9500,0,1),(59792,172,16730,1,1,0,'DD',2337,9500,0,1),(59792,173,16730,1,1,0,'DD',2337,9500,0,1),(59792,174,16730,1,1,0,'DD',2337,9500,0,1),(59792,163,16735,0,0,0,'',9,0,0,1),(59792,164,16735,0,0,0,'',9,0,0,1),(59792,165,16735,0,0,0,'',9,0,0,1),(59792,166,16735,0,0,0,'',9,0,0,1),(59792,167,16735,0,0,0,'',9,0,0,1),(59792,168,16735,0,0,0,'',9,0,0,1),(59792,169,16735,0,0,0,'',9,0,0,1),(59792,170,16735,0,0,0,'',9,0,0,1),(59792,171,16735,0,0,0,'',9,0,0,1),(59792,172,16735,0,0,0,'',9,0,0,1),(59792,173,16735,0,0,0,'',9,0,0,1),(59792,174,16735,0,0,0,'',9,0,0,1),(59792,163,16736,0,0,0,'',9,0,0,1),(59792,164,16736,0,0,0,'',9,0,0,1),(59792,165,16736,0,0,0,'',9,0,0,1),(59792,166,16736,0,0,0,'',9,0,0,1),(59792,167,16736,0,0,0,'',9,0,0,1),(59792,168,16736,0,0,0,'',9,0,0,1),(59792,169,16736,0,0,0,'',9,0,0,1),(59792,170,16736,0,0,0,'',9,0,0,1),(59792,171,16736,0,0,0,'',9,0,0,1),(59792,172,16736,0,0,0,'',9,0,0,1),(59792,173,16736,0,0,0,'',9,0,0,1),(59792,174,16736,0,0,0,'',9,0,0,1),(59792,163,16738,1,1,0,'DD',9,950,0,1),(59792,164,16738,1,1,0,'DD',9,950,0,1),(59792,165,16738,1,1,0,'DD',9,950,0,1),(59792,166,16738,1,1,0,'DD',9,950,0,1),(59792,167,16738,1,1,0,'DD',9,950,0,1),(59792,168,16738,1,1,0,'DD',9,950,0,1),(59792,169,16738,1,1,0,'DD',9,950,0,1),(59792,170,16738,1,1,0,'DD',9,950,0,1),(59792,171,16738,1,1,0,'DD',9,950,0,1),(59792,172,16738,1,1,0,'DD',9,950,0,1),(59792,173,16738,1,1,0,'DD',9,950,0,1),(59792,174,16738,1,1,0,'DD',9,950,0,1),(59792,163,16739,1,1,0,'DD',9,950,0,1),(59792,164,16739,1,1,0,'DD',9,950,0,1),(59792,165,16739,1,1,0,'DD',9,950,0,1),(59792,166,16739,1,1,0,'DD',9,950,0,1),(59792,167,16739,1,1,0,'DD',9,950,0,1),(59792,168,16739,1,1,0,'DD',9,950,0,1),(59792,169,16739,1,1,0,'DD',9,950,0,1),(59792,170,16739,1,1,0,'DD',9,950,0,1),(59792,171,16739,1,1,0,'DD',9,950,0,1),(59792,172,16739,1,1,0,'DD',9,950,0,1),(59792,173,16739,1,1,0,'DD',9,950,0,1),(59792,174,16739,1,1,0,'DD',9,950,0,1),(59792,163,16740,0,0,0,'',9,0,0,1),(59792,164,16740,0,0,0,'',9,0,0,1),(59792,165,16740,0,0,0,'',9,0,0,1),(59792,166,16740,0,0,0,'',9,0,0,1),(59792,167,16740,0,0,0,'',9,0,0,1),(59792,168,16740,0,0,0,'',9,0,0,1),(59792,169,16740,0,0,0,'',9,0,0,1),(59792,170,16740,0,0,0,'',9,0,0,1),(59792,171,16740,0,0,0,'',9,0,0,1),(59792,172,16740,0,0,0,'',9,0,0,1),(59792,173,16740,0,0,0,'',9,0,0,1),(59792,174,16740,0,0,0,'',9,0,0,1),(59792,163,16741,1,1,0,'DD',9,950,0,1),(59792,164,16741,1,1,0,'DD',9,950,0,1),(59792,165,16741,1,1,0,'DD',9,950,0,1),(59792,166,16741,1,1,0,'DD',9,950,0,1),(59792,167,16741,1,1,0,'DD',9,950,0,1),(59792,168,16741,1,1,0,'DD',9,950,0,1),(59792,169,16741,1,1,0,'DD',9,950,0,1),(59792,170,16741,1,1,0,'DD',9,950,0,1),(59792,171,16741,1,1,0,'DD',9,950,0,1),(59792,172,16741,1,1,0,'DD',9,950,0,1),(59792,173,16741,1,1,0,'DD',9,950,0,1),(59792,174,16741,1,1,0,'DD',9,950,0,1),(59792,163,16742,1,1,0,'DD',9,950,0,1),(59792,164,16742,1,1,0,'DD',9,950,0,1),(59792,165,16742,1,1,0,'DD',9,950,0,1),(59792,166,16742,1,1,0,'DD',9,950,0,1),(59792,167,16742,1,1,0,'DD',9,950,0,1),(59792,168,16742,1,1,0,'DD',9,950,0,1),(59792,169,16742,1,1,0,'DD',9,950,0,1),(59792,170,16742,1,1,0,'DD',9,950,0,1),(59792,171,16742,1,1,0,'DD',9,950,0,1),(59792,172,16742,1,1,0,'DD',9,950,0,1),(59792,173,16742,1,1,0,'DD',9,950,0,1),(59792,174,16742,1,1,0,'DD',9,950,0,1),(59792,163,16743,1,1,0,'DD',9,950,0,1),(59792,164,16743,1,1,0,'DD',9,950,0,1),(59792,165,16743,1,1,0,'DD',9,950,0,1),(59792,166,16743,1,1,0,'DD',9,950,0,1),(59792,167,16743,1,1,0,'DD',9,950,0,1),(59792,168,16743,1,1,0,'DD',9,950,0,1),(59792,169,16743,1,1,0,'DD',9,950,0,1),(59792,170,16743,1,1,0,'DD',9,950,0,1),(59792,171,16743,1,1,0,'DD',9,950,0,1),(59792,172,16743,1,1,0,'DD',9,950,0,1),(59792,173,16743,1,1,0,'DD',9,950,0,1),(59792,174,16743,1,1,0,'DD',9,950,0,1),(59792,163,16744,1,1,0,'DD',9,950,0,1),(59792,164,16744,1,1,0,'DD',9,950,0,1),(59792,165,16744,1,1,0,'DD',9,950,0,1),(59792,166,16744,1,1,0,'DD',9,950,0,1),(59792,167,16744,1,1,0,'DD',9,950,0,1),(59792,168,16744,1,1,0,'DD',9,950,0,1),(59792,169,16744,1,1,0,'DD',9,950,0,1),(59792,170,16744,1,1,0,'DD',9,950,0,1),(59792,171,16744,1,1,0,'DD',9,950,0,1),(59792,172,16744,1,1,0,'DD',9,950,0,1),(59792,173,16744,1,1,0,'DD',9,950,0,1),(59792,174,16744,1,1,0,'DD',9,950,0,1),(59792,163,16745,0,0,0,'',9,0,0,1),(59792,164,16745,0,0,0,'',9,0,0,1),(59792,165,16745,0,0,0,'',9,0,0,1),(59792,166,16745,0,0,0,'',9,0,0,1),(59792,167,16745,0,0,0,'',9,0,0,1),(59792,168,16745,0,0,0,'',9,0,0,1),(59792,169,16745,0,0,0,'',9,0,0,1),(59792,170,16745,0,0,0,'',9,0,0,1),(59792,171,16745,0,0,0,'',9,0,0,1),(59792,172,16745,0,0,0,'',9,0,0,1),(59792,173,16745,0,0,0,'',9,0,0,1),(59792,174,16745,0,0,0,'',9,0,0,1),(59792,163,16746,1,1,0,'DD',9,950,0,1),(59792,164,16746,1,1,0,'DD',9,950,0,1),(59792,165,16746,1,1,0,'DD',9,950,0,1),(59792,166,16746,1,1,0,'DD',9,950,0,1),(59792,167,16746,1,1,0,'DD',9,950,0,1),(59792,168,16746,1,1,0,'DD',9,950,0,1),(59792,169,16746,1,1,0,'DD',9,950,0,1),(59792,170,16746,1,1,0,'DD',9,950,0,1),(59792,171,16746,1,1,0,'DD',9,950,0,1),(59792,172,16746,1,1,0,'DD',9,950,0,1),(59792,173,16746,1,1,0,'DD',9,950,0,1),(59792,174,16746,1,1,0,'DD',9,950,0,1),(59792,163,16750,1,1,0,'DD',9,950,0,1),(59792,164,16750,1,1,0,'DD',9,950,0,1),(59792,165,16750,1,1,0,'DD',9,950,0,1),(59792,166,16750,1,1,0,'DD',9,950,0,1),(59792,167,16750,1,1,0,'DD',9,950,0,1),(59792,168,16750,1,1,0,'DD',9,950,0,1),(59792,169,16750,1,1,0,'DD',9,950,0,1),(59792,170,16750,1,1,0,'DD',9,950,0,1),(59792,171,16750,1,1,0,'DD',9,950,0,1),(59792,172,16750,1,1,0,'DD',9,950,0,1),(59792,173,16750,1,1,0,'DD',9,950,0,1),(59792,174,16750,1,1,0,'DD',9,950,0,1),(59792,163,16751,1,1,0,'DD',9,950,0,1),(59792,164,16751,1,1,0,'DD',9,950,0,1),(59792,165,16751,1,1,0,'DD',9,950,0,1),(59792,166,16751,1,1,0,'DD',9,950,0,1),(59792,167,16751,1,1,0,'DD',9,950,0,1),(59792,168,16751,1,1,0,'DD',9,950,0,1),(59792,169,16751,1,1,0,'DD',9,950,0,1),(59792,170,16751,1,1,0,'DD',9,950,0,1),(59792,171,16751,1,1,0,'DD',9,950,0,1),(59792,172,16751,1,1,0,'DD',9,950,0,1),(59792,173,16751,1,1,0,'DD',9,950,0,1),(59792,174,16751,1,1,0,'DD',9,950,0,1),(59792,163,16755,0,0,0,'',9,0,0,1),(59792,164,16755,0,0,0,'',9,0,0,1),(59792,165,16755,0,0,0,'',9,0,0,1),(59792,166,16755,0,0,0,'',9,0,0,1),(59792,167,16755,0,0,0,'',9,0,0,1),(59792,168,16755,0,0,0,'',9,0,0,1),(59792,169,16755,0,0,0,'',9,0,0,1),(59792,170,16755,0,0,0,'',9,0,0,1),(59792,171,16755,0,0,0,'',9,0,0,1),(59792,172,16755,0,0,0,'',9,0,0,1),(59792,173,16755,0,0,0,'',9,0,0,1),(59792,174,16755,0,0,0,'',9,0,0,1),(59792,163,16761,1,1,0,'DD',9,950,0,1),(59792,164,16761,1,1,0,'DD',9,950,0,1),(59792,165,16761,1,1,0,'DD',9,950,0,1),(59792,166,16761,1,1,0,'DD',9,950,0,1),(59792,167,16761,1,1,0,'DD',9,950,0,1),(59792,168,16761,1,1,0,'DD',9,950,0,1),(59792,169,16761,1,1,0,'DD',9,950,0,1),(59792,170,16761,1,1,0,'DD',9,950,0,1),(59792,171,16761,1,1,0,'DD',9,950,0,1),(59792,172,16761,1,1,0,'DD',9,950,0,1),(59792,173,16761,1,1,0,'DD',9,950,0,1),(59792,174,16761,1,1,0,'DD',9,950,0,1),(59792,163,16762,1,1,0,'DD',9,950,0,1),(59792,164,16762,1,1,0,'DD',9,950,0,1),(59792,165,16762,1,1,0,'DD',9,950,0,1),(59792,166,16762,1,1,0,'DD',9,950,0,1),(59792,167,16762,1,1,0,'DD',9,950,0,1),(59792,168,16762,1,1,0,'DD',9,950,0,1),(59792,169,16762,1,1,0,'DD',9,950,0,1),(59792,170,16762,1,1,0,'DD',9,950,0,1),(59792,171,16762,1,1,0,'DD',9,950,0,1),(59792,172,16762,1,1,0,'DD',9,950,0,1),(59792,173,16762,1,1,0,'DD',9,950,0,1),(59792,174,16762,1,1,0,'DD',9,950,0,1),(59792,163,16763,0,0,0,'',9,0,0,1),(59792,164,16763,0,0,0,'',9,0,0,1),(59792,165,16763,0,0,0,'',9,0,0,1),(59792,166,16763,0,0,0,'',9,0,0,1),(59792,167,16763,0,0,0,'',9,0,0,1),(59792,168,16763,0,0,0,'',9,0,0,1),(59792,169,16763,0,0,0,'',9,0,0,1),(59792,170,16763,0,0,0,'',9,0,0,1),(59792,171,16763,0,0,0,'',9,0,0,1),(59792,172,16763,0,0,0,'',9,0,0,1),(59792,173,16763,0,0,0,'',9,0,0,1),(59792,174,16763,0,0,0,'',9,0,0,1),(59792,163,16764,0,0,0,'',9,0,0,1),(59792,164,16764,0,0,0,'',9,0,0,1),(59792,165,16764,0,0,0,'',9,0,0,1),(59792,166,16764,0,0,0,'',9,0,0,1),(59792,167,16764,0,0,0,'',9,0,0,1),(59792,168,16764,0,0,0,'',9,0,0,1),(59792,169,16764,0,0,0,'',9,0,0,1),(59792,170,16764,0,0,0,'',9,0,0,1),(59792,171,16764,0,0,0,'',9,0,0,1),(59792,172,16764,0,0,0,'',9,0,0,1),(59792,173,16764,0,0,0,'',9,0,0,1),(59792,174,16764,0,0,0,'',9,0,0,1),(59792,163,16765,1,1,0,'DD',9,950,0,1),(59792,164,16765,1,1,0,'DD',9,950,0,1),(59792,165,16765,1,1,0,'DD',9,950,0,1),(59792,166,16765,1,1,0,'DD',9,950,0,1),(59792,167,16765,1,1,0,'DD',9,950,0,1),(59792,168,16765,1,1,0,'DD',9,950,0,1),(59792,169,16765,1,1,0,'DD',9,950,0,1),(59792,170,16765,1,1,0,'DD',9,950,0,1),(59792,171,16765,1,1,0,'DD',9,950,0,1),(59792,172,16765,1,1,0,'DD',9,950,0,1),(59792,173,16765,1,1,0,'DD',9,950,0,1),(59792,174,16765,1,1,0,'DD',9,950,0,1),(59792,163,16767,1,1,0,'DD',9,950,0,1),(59792,164,16767,1,1,0,'DD',9,950,0,1),(59792,165,16767,1,1,0,'DD',9,950,0,1),(59792,166,16767,1,1,0,'DD',9,950,0,1),(59792,167,16767,1,1,0,'DD',9,950,0,1),(59792,168,16767,1,1,0,'DD',9,950,0,1),(59792,169,16767,1,1,0,'DD',9,950,0,1),(59792,170,16767,1,1,0,'DD',9,950,0,1),(59792,171,16767,1,1,0,'DD',9,950,0,1),(59792,172,16767,1,1,0,'DD',9,950,0,1),(59792,173,16767,1,1,0,'DD',9,950,0,1),(59792,174,16767,1,1,0,'DD',9,950,0,1),(59792,163,16770,1,1,0,'DD',9,950,0,1),(59792,164,16770,1,1,0,'DD',9,950,0,1),(59792,165,16770,1,1,0,'DD',9,950,0,1),(59792,166,16770,1,1,0,'DD',9,950,0,1),(59792,167,16770,1,1,0,'DD',9,950,0,1),(59792,168,16770,1,1,0,'DD',9,950,0,1),(59792,169,16770,1,1,0,'DD',9,950,0,1),(59792,170,16770,1,1,0,'DD',9,950,0,1),(59792,171,16770,1,1,0,'DD',9,950,0,1),(59792,172,16770,1,1,0,'DD',9,950,0,1),(59792,173,16770,1,1,0,'DD',9,950,0,1),(59792,174,16770,1,1,0,'DD',9,950,0,1),(59792,163,16772,1,1,0,'DD',9,950,0,1),(59792,164,16772,1,1,0,'DD',9,950,0,1),(59792,165,16772,1,1,0,'DD',9,950,0,1),(59792,166,16772,1,1,0,'DD',9,950,0,1),(59792,167,16772,1,1,0,'DD',9,950,0,1),(59792,168,16772,1,1,0,'DD',9,950,0,1),(59792,169,16772,1,1,0,'DD',9,950,0,1),(59792,170,16772,1,1,0,'DD',9,950,0,1),(59792,171,16772,1,1,0,'DD',9,950,0,1),(59792,172,16772,1,1,0,'DD',9,950,0,1),(59792,173,16772,1,1,0,'DD',9,950,0,1),(59792,174,16772,1,1,0,'DD',9,950,0,1),(59792,163,16773,1,1,0,'DD',9,950,0,1),(59792,164,16773,1,1,0,'DD',9,950,0,1),(59792,165,16773,1,1,0,'DD',9,950,0,1),(59792,166,16773,1,1,0,'DD',9,950,0,1),(59792,167,16773,1,1,0,'DD',9,950,0,1),(59792,168,16773,1,1,0,'DD',9,950,0,1),(59792,169,16773,1,1,0,'DD',9,950,0,1),(59792,170,16773,1,1,0,'DD',9,950,0,1),(59792,171,16773,1,1,0,'DD',9,950,0,1),(59792,172,16773,1,1,0,'DD',9,950,0,1),(59792,173,16773,1,1,0,'DD',9,950,0,1),(59792,174,16773,1,1,0,'DD',9,950,0,1),(59792,163,16844,0,0,0,'',9,0,0,1),(59792,164,16844,0,0,0,'',9,0,0,1),(59792,165,16844,0,0,0,'',9,0,0,1),(59792,166,16844,0,0,0,'',9,0,0,1),(59792,167,16844,0,0,0,'',9,0,0,1),(59792,168,16844,0,0,0,'',9,0,0,1),(59792,169,16844,0,0,0,'',9,0,0,1),(59792,170,16844,0,0,0,'',9,0,0,1),(59792,171,16844,0,0,0,'',9,0,0,1),(59792,172,16844,0,0,0,'',9,0,0,1),(59792,173,16844,0,0,0,'',9,0,0,1),(59792,174,16844,0,0,0,'',9,0,0,1),(59792,163,16846,0,0,0,'',9,0,0,1),(59792,164,16846,0,0,0,'',9,0,0,1),(59792,165,16846,0,0,0,'',9,0,0,1),(59792,166,16846,0,0,0,'',9,0,0,1),(59792,167,16846,0,0,0,'',9,0,0,1),(59792,168,16846,0,0,0,'',9,0,0,1),(59792,169,16846,0,0,0,'',9,0,0,1),(59792,170,16846,0,0,0,'',9,0,0,1),(59792,171,16846,0,0,0,'',9,0,0,1),(59792,172,16846,0,0,0,'',9,0,0,1),(59792,173,16846,0,0,0,'',9,0,0,1),(59792,174,16846,0,0,0,'',9,0,0,1),(59792,163,22513,1,1,0,'DD',9,950,0,1),(59792,164,22513,1,1,0,'DD',9,950,0,1),(59792,165,22513,1,1,0,'DD',9,950,0,1),(59792,166,22513,1,1,0,'DD',9,950,0,1),(59792,167,22513,1,1,0,'DD',9,950,0,1),(59792,168,22513,1,1,0,'DD',9,950,0,1),(59792,169,22513,1,1,0,'DD',9,950,0,1),(59792,170,22513,1,1,0,'DD',9,950,0,1),(59792,171,22513,1,1,0,'DD',9,950,0,1),(59792,172,22513,1,1,0,'DD',9,950,0,1),(59792,173,22513,1,1,0,'DD',9,950,0,1),(59792,174,22513,1,1,0,'DD',9,950,0,1),(59792,163,771925,0,0,0,'',1,0,0,1),(59792,164,771925,0,0,0,'',1,0,0,1),(59792,165,771925,0,0,0,'',1,0,0,1),(59792,166,771925,0,0,0,'',1,0,0,1),(59792,167,771925,0,0,0,'',1,0,0,1),(59792,168,771925,0,0,0,'',1,0,0,1),(59792,169,771925,0,0,0,'',1,0,0,1),(59792,170,771925,0,0,0,'',1,0,0,1),(59792,171,771925,0,0,0,'',1,0,0,1),(59792,172,771925,0,0,0,'',1,0,0,1),(59792,173,771925,0,0,0,'',1,0,0,1),(59792,174,771925,0,0,0,'',1,0,0,1),(59792,163,825055,0,0,0,'',1,5900,550,1),(59792,164,825055,0,0,0,'',1,5900,550,1),(59792,165,825055,0,0,0,'',1,5900,550,1),(59792,166,825055,1,1,0,'DD',1,5900,550,1),(59792,167,825055,1,1,0,'DD',1,5900,550,1),(59792,168,825055,0,0,0,'R2',1,5900,550,1),(59792,169,825055,0,0,0,'',1,5900,550,1),(59792,170,825055,0,0,0,'',1,5900,550,1),(59792,171,825055,0,0,0,'R2',1,5900,550,1),(59792,172,825055,0,0,0,'',1,5900,550,1),(59792,173,825055,1,1,0,'DD',1,5900,550,1),(59792,174,825055,1,1,0,'DD',1,5900,550,1),(59792,163,825430,1,1,1,'DD',1,5900,550,1),(59792,164,825430,1,1,0,'DD',1,5900,550,1),(59792,165,825430,1,1,0,'DD',1,5900,550,1),(59792,166,825430,0,0,0,'',1,5900,550,1),(59792,167,825430,0,0,0,'',1,5900,550,1),(59792,168,825430,0,0,0,'R2',1,5900,550,1),(59792,169,825430,0,0,0,'',1,5900,550,1),(59792,170,825430,0,0,0,'',1,5900,550,1),(59792,171,825430,0,0,0,'R2',1,5900,550,1),(59792,172,825430,0,0,0,'',1,5900,550,1),(59792,173,825430,1,1,0,'DD',1,5900,550,1),(59792,174,825430,1,1,0,'DD',1,5900,550,1),(59792,163,825551,1,1,1,'DD',1,5900,550,1),(59792,164,825551,1,1,0,'DD',1,5900,550,1),(59792,165,825551,1,1,0,'DD',1,5900,550,1),(59792,166,825551,1,1,0,'DD',1,5900,550,1),(59792,167,825551,1,1,0,'DD',1,5900,550,1),(59792,168,825551,0,0,0,'R2',1,5900,550,1),(59792,169,825551,0,0,0,'',1,5900,550,1),(59792,170,825551,0,0,0,'',1,5900,550,1),(59792,171,825551,0,0,0,'R2',1,5900,550,1),(59792,172,825551,1,1,0,'DD',1,5900,550,1),(59792,173,825551,1,1,0,'DD',1,5900,550,1),(59792,174,825551,1,1,0,'DD',1,5900,550,1),(59792,163,825553,0,0,0,'R2',1,5900,0,1),(59792,164,825553,0,0,0,'R2',1,5900,0,1),(59792,165,825553,0,0,0,'R2',1,5900,0,1),(59792,166,825553,0,0,0,'R2',1,5900,0,1),(59792,167,825553,0,0,0,'R2',1,5900,0,1),(59792,168,825553,0,0,0,'R2',1,5900,0,1),(59792,169,825553,0,0,0,'R2',1,5900,0,1),(59792,170,825553,0,0,0,'R2',1,5900,0,1),(59792,171,825553,0,0,0,'R2',1,5900,0,1),(59792,172,825553,0,0,0,'R2',1,5900,0,1),(59792,173,825553,0,0,0,'R2',1,5900,0,1),(59792,174,825553,0,0,0,'R2',1,5900,0,1),(59792,163,825790,0,0,0,'',1,0,0,1),(59792,164,825790,0,0,0,'',1,0,0,1),(59792,165,825790,0,0,0,'',1,0,0,1),(59792,166,825790,0,0,0,'',1,0,0,1),(59792,167,825790,0,0,0,'',1,0,0,1),(59792,168,825790,0,0,0,'',1,0,0,1),(59792,169,825790,0,0,0,'',1,0,0,1),(59792,170,825790,0,0,0,'',1,0,0,1),(59792,171,825790,0,0,0,'',1,0,0,1),(59792,172,825790,0,0,0,'',1,0,0,1),(59792,173,825790,0,0,0,'',1,0,0,1),(59792,174,825790,0,0,0,'',1,0,0,1),(59792,163,825820,0,0,0,'o',1,5900,550,1),(59792,164,825820,1,1,0,'DD',1,5900,550,1),(59792,165,825820,1,1,0,'DD',1,5900,550,1),(59792,166,825820,1,1,0,'DD',1,5900,550,1),(59792,167,825820,1,1,0,'DD',1,5900,550,1),(59792,168,825820,0,0,0,'R2',1,5900,550,1),(59792,169,825820,0,0,0,'',1,5900,550,1),(59792,170,825820,0,0,0,'',1,5900,550,1),(59792,171,825820,0,0,0,'R2',1,5900,550,1),(59792,172,825820,1,1,0,'DD',1,5900,550,1),(59792,173,825820,1,1,0,'DD',1,5900,550,1),(59792,174,825820,1,1,0,'DD',1,5900,550,1),(59792,163,3200502,1,1,1,'DD',1,6000,550,1),(59792,164,3200502,1,1,0,'DD',1,6000,550,1),(59792,165,3200502,1,1,0,'DD',1,6000,550,1),(59792,166,3200502,1,1,0,'DD',1,6000,550,1),(59792,167,3200502,1,1,0,'DD',1,6000,550,1),(59792,168,3200502,1,1,0,'DD',1,6000,550,1),(59792,169,3200502,0,0,0,'',1,6000,550,1),(59792,170,3200502,0,0,0,'',1,6000,550,1),(59792,171,3200502,1,1,0,'DD',1,6000,550,1),(59792,172,3200502,1,1,0,'DD',1,6000,550,1),(59792,173,3200502,1,1,0,'DD',1,6000,550,1),(59792,174,3200502,1,1,0,'DD',1,6000,550,1),(59792,163,3203012,1,1,1,'DD',1,6000,550,1),(59792,164,3203012,1,1,0,'DD',1,6000,550,1),(59792,165,3203012,1,1,0,'DD',1,6000,550,1),(59792,166,3203012,0,0,0,'',1,6000,550,1),(59792,167,3203012,0,0,0,'',1,6000,550,1),(59792,168,3203012,1,1,0,'DD',1,6000,550,1),(59792,169,3203012,0,0,0,'',1,6000,550,1),(59792,170,3203012,0,0,0,'',1,6000,550,1),(59792,171,3203012,1,1,0,'DD',1,6000,550,1),(59792,172,3203012,1,1,0,'DD',1,6000,550,1),(59792,173,3203012,0,0,0,'',1,6000,550,1),(59792,174,3203012,0,0,0,'',1,6000,550,1),(59792,163,3204296,1,1,1,'DD',1,6500,550,1),(59792,164,3204296,1,1,0,'DD',1,6500,550,1),(59792,165,3204296,1,1,0,'DD',1,6500,550,1),(59792,166,3204296,1,1,0,'DD',1,6500,550,1),(59792,167,3204296,1,1,0,'DD',1,6500,550,1),(59792,168,3204296,1,1,0,'DD',1,6500,550,1),(59792,169,3204296,0,0,0,'',1,6500,550,1),(59792,170,3204296,0,0,0,'',1,6500,550,1),(59792,171,3204296,1,1,0,'DD',1,6500,550,1),(59792,172,3204296,1,1,0,'DD',1,6500,550,1),(59792,173,3204296,1,1,0,'DD',1,6500,550,1),(59792,174,3204296,1,1,0,'DD',1,6500,550,1),(59792,163,3231435,0,0,0,'',1,6000,550,1),(59792,164,3231435,0,0,0,'',1,6000,550,1),(59792,165,3231435,0,0,0,'',1,6000,550,1),(59792,166,3231435,1,1,0,'DD',1,6000,550,1),(59792,167,3231435,1,1,0,'DD',1,6000,550,1),(59792,168,3231435,1,1,0,'DD',1,6000,550,1),(59792,169,3231435,0,0,0,'',1,6000,550,1),(59792,170,3231435,0,0,0,'',1,6000,550,1),(59792,171,3231435,1,1,0,'DD',1,6000,550,1),(59792,172,3231435,1,1,0,'DD',1,6000,550,1),(59792,173,3231435,0,0,0,'',1,6000,550,1),(59792,174,3231435,0,0,0,'',1,6000,550,1),(59792,163,3241581,0,0,0,'',1,6000,550,1),(59792,164,3241581,0,0,0,'',1,6000,550,1),(59792,165,3241581,0,0,0,'',1,6000,550,1),(59792,166,3241581,1,1,0,'DD',1,6000,550,1),(59792,167,3241581,1,1,0,'DD',1,6000,550,1),(59792,168,3241581,1,1,0,'DD',1,6000,550,1),(59792,169,3241581,0,0,0,'',1,6000,550,1),(59792,170,3241581,0,0,0,'',1,6000,550,1),(59792,171,3241581,1,1,0,'DD',1,6000,550,1),(59792,172,3241581,1,1,0,'DD',1,6000,550,1),(59792,173,3241581,0,0,0,'',1,6000,550,1),(59792,174,3241581,0,0,0,'',1,6000,550,1),(59792,163,3250672,1,1,1,'DD',1,6000,550,1),(59792,164,3250672,1,1,0,'DD',1,6000,550,1),(59792,165,3250672,1,1,0,'DD',1,6000,550,1),(59792,166,3250672,0,0,0,'',1,6000,550,1),(59792,167,3250672,0,0,0,'',1,6000,550,1),(59792,168,3250672,0,0,0,'',1,6000,550,1),(59792,169,3250672,0,0,0,'',1,6000,550,1),(59792,170,3250672,0,0,0,'',1,6000,550,1),(59792,171,3250672,0,0,0,'',1,6000,550,1),(59792,172,3250672,0,0,0,'',1,6000,550,1),(59792,173,3250672,1,1,0,'DD',1,6000,550,1),(59792,174,3250672,1,1,0,'DD',1,6000,550,1),(59792,163,3251907,1,1,1,'DD',1,6000,550,1),(59792,164,3251907,1,1,0,'DD',1,6000,550,1),(59792,165,3251907,1,1,0,'DD',1,6000,550,1),(59792,166,3251907,1,1,0,'DD',1,6000,550,1),(59792,167,3251907,1,1,0,'DD',1,6000,550,1),(59792,168,3251907,1,1,0,'DD',1,6000,550,1),(59792,169,3251907,0,0,0,'',1,6000,550,1),(59792,170,3251907,0,0,0,'',1,6000,550,1),(59792,171,3251907,1,1,0,'DD',1,6000,550,1),(59792,172,3251907,1,1,0,'DD',1,6000,550,1),(59792,173,3251907,1,1,0,'DD',1,6000,550,1),(59792,174,3251907,1,1,0,'DD',1,6000,550,1),(59792,163,3261454,1,1,1,'DD',1,6000,550,1),(59792,164,3261454,1,1,0,'DD',1,6000,550,1),(59792,165,3261454,1,1,0,'DD',1,6000,550,1),(59792,166,3261454,1,1,0,'DD',1,6000,550,1),(59792,167,3261454,1,1,0,'DD',1,6000,550,1),(59792,168,3261454,1,1,0,'DD',1,6000,550,1),(59792,169,3261454,0,0,0,'',1,6000,550,1),(59792,170,3261454,0,0,0,'',1,6000,550,1),(59792,171,3261454,1,1,0,'DD',1,6000,550,1),(59792,172,3261454,1,1,0,'DD',1,6000,550,1),(59792,173,3261454,1,1,0,'DD',1,6000,550,1),(59792,174,3261454,1,1,0,'DD',1,6000,550,1),(59792,163,274300078,1,1,0,'',2337,27000,0,1),(59792,164,274300078,1,1,0,'',2337,27000,0,1),(59792,165,274300078,1,1,0,'',2337,27000,0,1),(59792,166,274300078,1,1,0,'',2337,27000,0,1),(59792,167,274300078,1,1,0,'',2337,27000,0,1),(59792,168,274300078,1,1,0,'',2337,27000,0,1),(59792,169,274300078,1,1,0,'',2337,27000,0,1),(59792,170,274300078,1,1,0,'',2337,27000,0,1),(59792,171,274300078,1,1,0,'',2337,27000,0,1),(59792,172,274300078,1,1,0,'',2337,27000,0,1),(59792,173,274300078,1,1,0,'',2337,27000,0,1),(59792,174,274300078,1,1,0,'',2337,27000,0,1),(59793,163,16057,0,0,0,'',4793,9900,0,1),(59793,164,16057,0,0,0,'',4793,9900,0,1),(59793,165,16057,0,0,0,'',4793,9900,0,1),(59793,166,16057,0,0,0,'',4793,9900,0,1),(59793,167,16057,0,0,0,'',4793,9900,0,1),(59793,168,16057,0,0,0,'',4793,9900,0,1),(59793,169,16057,0,0,0,'',4793,9900,0,1),(59793,170,16057,0,0,0,'',4793,9900,0,1),(59793,171,16057,0,0,0,'',4793,9900,0,1),(59793,172,16057,0,0,0,'',4793,9900,0,1),(59793,173,16057,0,0,0,'',4793,9900,0,1),(59793,174,16057,0,0,0,'',4793,9900,0,1),(59793,163,19022,0,0,0,'',1,7900,590,1),(59793,164,19022,0,0,0,'',1,7900,590,1),(59793,165,19022,0,0,0,'',1,7900,590,1),(59793,166,19022,0,0,0,'',1,7900,590,1),(59793,167,19022,0,0,0,'',1,7900,590,1),(59793,168,19022,0,0,0,'',1,7900,590,1),(59793,169,19022,0,0,0,'',1,7900,590,1),(59793,170,19022,0,0,0,'',1,7900,590,1),(59793,171,19022,0,0,0,'',1,7900,590,1),(59793,172,19022,0,0,0,'',1,7900,590,1),(59793,173,19022,0,0,0,'',1,7900,590,1),(59793,174,19022,0,0,0,'',1,7900,590,1),(59793,163,27196,0,0,0,'',4793,11990,0,1),(59793,164,27196,0,0,0,'',4793,11990,0,1),(59793,165,27196,0,0,0,'',4793,11990,0,1),(59793,166,27196,0,0,0,'',4793,11990,0,1),(59793,167,27196,0,0,0,'',4793,11990,0,1),(59793,168,27196,0,0,0,'',4793,11990,0,1),(59793,169,27196,0,0,0,'',4793,11990,0,1),(59793,170,27196,0,0,0,'',4793,11990,0,1),(59793,171,27196,0,0,0,'',4793,11990,0,1),(59793,172,27196,0,0,0,'',4793,11990,0,1),(59793,173,27196,0,0,0,'',4793,11990,0,1),(59793,174,27196,0,0,0,'',4793,11990,0,1),(59793,163,233875,0,0,0,'',14,6800,NULL,1),(59793,164,233875,0,0,0,'',14,6800,NULL,1),(59793,165,233875,0,0,0,'',14,6800,NULL,1),(59793,166,233875,0,0,0,'',14,6800,NULL,1),(59793,167,233875,0,0,0,'',14,6800,NULL,1),(59793,168,233875,0,0,0,'',14,6800,NULL,1),(59793,169,233875,0,0,0,'',14,6800,NULL,1),(59793,170,233875,0,0,0,'',14,6800,NULL,1),(59793,171,233875,0,0,0,'',14,6800,NULL,1),(59793,172,233875,0,0,0,'',14,6800,NULL,1),(59793,173,233875,0,0,0,'',14,6800,NULL,1),(59793,174,233875,0,0,0,'',14,6800,NULL,1),(59793,163,233880,0,0,0,'',14,6800,NULL,1),(59793,164,233880,0,0,0,'',14,6800,NULL,1),(59793,165,233880,0,0,0,'',14,6800,NULL,1),(59793,166,233880,0,0,0,'',14,6800,NULL,1),(59793,167,233880,0,0,0,'',14,6800,NULL,1),(59793,168,233880,0,0,0,'',14,6800,NULL,1),(59793,169,233880,0,0,0,'',14,6800,NULL,1),(59793,170,233880,0,0,0,'',14,6800,NULL,1),(59793,171,233880,0,0,0,'',14,6800,NULL,1),(59793,172,233880,0,0,0,'',14,6800,NULL,1),(59793,173,233880,0,0,0,'',14,6800,NULL,1),(59793,174,233880,0,0,0,'',14,6800,NULL,1),(59793,163,233935,0,0,0,'',14,6800,NULL,1),(59793,164,233935,0,0,0,'',14,6800,NULL,1),(59793,165,233935,0,0,0,'',14,6800,NULL,1),(59793,166,233935,0,0,0,'',14,6800,NULL,1),(59793,167,233935,0,0,0,'',14,6800,NULL,1),(59793,168,233935,0,0,0,'',14,6800,NULL,1),(59793,169,233935,0,0,0,'',14,6800,NULL,1),(59793,170,233935,0,0,0,'',14,6800,NULL,1),(59793,171,233935,0,0,0,'',14,6800,NULL,1),(59793,172,233935,0,0,0,'',14,6800,NULL,1),(59793,173,233935,0,0,0,'',14,6800,NULL,1),(59793,174,233935,0,0,0,'',14,6800,NULL,1),(59793,163,233995,1,1,0,'DD',4,6600,0,1),(59793,164,233995,1,1,0,'DD',4,6600,0,1),(59793,165,233995,1,1,0,'DD',4,6600,0,1),(59793,166,233995,1,1,0,'DD',4,6600,0,1),(59793,167,233995,1,1,0,'DD',4,6600,0,1),(59793,168,233995,1,1,0,'DD',4,6600,0,1),(59793,169,233995,1,1,0,'DD',4,6600,0,1),(59793,170,233995,1,1,0,'DD',4,6600,0,1),(59793,171,233995,1,1,0,'DD',4,6600,0,1),(59793,172,233995,1,1,0,'DD',4,6600,0,1),(59793,173,233995,1,1,0,'DD',4,6600,0,1),(59793,174,233995,1,1,0,'DD',4,6600,0,1),(59793,163,700798,0,0,0,'o',14,4900,NULL,1),(59793,164,700798,0,0,0,'R2',14,4900,NULL,1),(59793,165,700798,0,0,0,'R2',14,4900,NULL,1),(59793,166,700798,0,0,0,'R2',14,4900,NULL,1),(59793,167,700798,0,0,0,'',14,4900,NULL,1),(59793,168,700798,0,0,0,'R2',14,4900,NULL,1),(59793,169,700798,0,0,0,'',14,4900,NULL,1),(59793,170,700798,0,0,0,'',14,4900,NULL,1),(59793,171,700798,0,0,0,'R2',14,4900,NULL,1),(59793,172,700798,0,0,0,'',14,4900,NULL,1),(59793,173,700798,0,0,0,'',14,4900,NULL,1),(59793,174,700798,0,0,0,'',14,4900,NULL,1),(59793,163,773040,0,0,0,'R2',14,4900,NULL,1),(59793,164,773040,0,0,0,'R2',14,4900,NULL,1),(59793,165,773040,0,0,0,'',14,4900,NULL,1),(59793,166,773040,0,0,0,'',14,4900,NULL,1),(59793,167,773040,0,0,0,'',14,4900,NULL,1),(59793,168,773040,0,0,0,'',14,4900,NULL,1),(59793,169,773040,0,0,0,'',14,4900,NULL,1),(59793,170,773040,0,0,0,'',14,4900,NULL,1),(59793,171,773040,0,0,0,'R2',14,4900,NULL,1),(59793,172,773040,0,0,0,'',14,4900,NULL,1),(59793,173,773040,0,0,0,'',14,4900,NULL,1),(59793,174,773040,0,0,0,'',14,4900,NULL,1),(59793,163,773254,1,1,1,'DD',1,4900,590,1),(59793,164,773254,1,1,0,'DD',1,4900,590,1),(59793,165,773254,1,1,0,'DD',1,4900,590,1),(59793,166,773254,1,1,0,'DD',1,4900,590,1),(59793,167,773254,1,1,0,'DD',1,4900,590,1),(59793,168,773254,1,1,0,'DD',1,4900,590,1),(59793,169,773254,1,1,0,'DD',1,4900,590,1),(59793,170,773254,1,1,0,'DD',1,4900,590,1),(59793,171,773254,1,1,0,'DD',1,4900,590,1),(59793,172,773254,1,1,0,'DD',1,4900,590,1),(59793,173,773254,1,1,0,'DD',1,4900,590,1),(59793,174,773254,1,1,0,'DD',1,4900,590,1),(59793,163,774403,0,0,0,'o',14,4900,NULL,1),(59793,164,774403,0,0,0,'',14,4900,NULL,1),(59793,165,774403,0,0,0,'',14,4900,NULL,1),(59793,166,774403,0,0,0,'',14,4900,NULL,1),(59793,167,774403,0,0,0,'',14,4900,NULL,1),(59793,168,774403,0,0,0,'',14,4900,NULL,1),(59793,169,774403,0,0,0,'',14,4900,NULL,1),(59793,170,774403,0,0,0,'',14,4900,NULL,1),(59793,171,774403,0,0,0,'R2',14,4900,NULL,1),(59793,172,774403,0,0,0,'',14,4900,NULL,1),(59793,173,774403,0,0,0,'',14,4900,NULL,1),(59793,174,774403,0,0,0,'',14,4900,NULL,1),(59793,163,790026,1,1,1,'DD',1,4900,590,1),(59793,164,790026,1,1,0,'DD',1,4900,590,1),(59793,165,790026,1,1,0,'DD',1,4900,590,1),(59793,166,790026,1,1,0,'DD',1,4900,590,1),(59793,167,790026,1,1,0,'DD',1,4900,590,1),(59793,168,790026,1,1,0,'DD',1,4900,590,1),(59793,169,790026,1,1,0,'DD',1,4900,590,1),(59793,170,790026,1,1,0,'DD',1,4900,590,1),(59793,171,790026,1,1,0,'DD',1,4900,590,1),(59793,172,790026,1,1,0,'DD',1,4900,590,1),(59793,173,790026,1,1,0,'DD',1,4900,590,1),(59793,174,790026,1,1,0,'DD',1,4900,590,1),(59793,163,825142,1,1,1,'DD',1,5900,590,1),(59793,164,825142,1,1,0,'DD',1,5900,590,1),(59793,165,825142,1,1,0,'DD',1,5900,590,1),(59793,166,825142,1,1,0,'DD',1,5900,590,1),(59793,167,825142,1,1,0,'DD',1,5900,590,1),(59793,168,825142,1,1,0,'DD',1,5900,590,1),(59793,169,825142,1,1,0,'DD',1,5900,590,1),(59793,170,825142,1,1,0,'DD',1,5900,590,1),(59793,171,825142,1,1,0,'DD',1,5900,590,1),(59793,172,825142,1,1,0,'DD',1,5900,590,1),(59793,173,825142,1,1,0,'DD',1,5900,590,1),(59793,174,825142,1,1,0,'DD',1,5900,590,1),(59793,163,825921,1,1,1,'DD',1,5900,590,1),(59793,164,825921,1,1,0,'DD',1,5900,590,1),(59793,165,825921,1,1,0,'DD',1,5900,590,1),(59793,166,825921,1,1,0,'DD',1,5900,590,1),(59793,167,825921,1,1,0,'DD',1,5900,590,1),(59793,168,825921,1,1,0,'DD',1,5900,590,1),(59793,169,825921,1,1,0,'DD',1,5900,590,1),(59793,170,825921,1,1,0,'DD',1,5900,590,1),(59793,171,825921,1,1,0,'DD',1,5900,590,1),(59793,172,825921,1,1,0,'DD',1,5900,590,1),(59793,173,825921,1,1,0,'DD',1,5900,590,1),(59793,174,825921,1,1,0,'DD',1,5900,590,1),(59793,163,1413551,0,0,0,'',14,6900,NULL,1),(59793,164,1413551,0,0,0,'',14,6900,NULL,1),(59793,165,1413551,0,0,0,'',14,6900,NULL,1),(59793,166,1413551,0,0,0,'',14,6900,NULL,1),(59793,167,1413551,0,0,0,'',14,6900,NULL,1),(59793,168,1413551,0,0,0,'',14,6900,NULL,1),(59793,169,1413551,0,0,0,'',14,6900,NULL,1),(59793,170,1413551,0,0,0,'',14,6900,NULL,1),(59793,171,1413551,0,0,0,'',14,6900,NULL,1),(59793,172,1413551,0,0,0,'',14,6900,NULL,1),(59793,173,1413551,0,0,0,'',14,6900,NULL,1),(59793,174,1413551,0,0,0,'',14,6900,NULL,1),(59793,163,3200662,1,1,1,'DD',1,6900,590,1),(59793,164,3200662,1,1,0,'DD',1,6900,590,1),(59793,165,3200662,1,1,0,'DD',1,6900,590,1),(59793,166,3200662,1,1,0,'DD',1,6900,590,1),(59793,167,3200662,1,1,0,'DD',1,6900,590,1),(59793,168,3200662,1,1,0,'DD',1,6900,590,1),(59793,169,3200662,1,1,0,'DD',1,6900,590,1),(59793,170,3200662,1,1,0,'DD',1,6900,590,1),(59793,171,3200662,1,1,0,'DD',1,6900,590,1),(59793,172,3200662,1,1,0,'DD',1,6900,590,1),(59793,173,3200662,1,1,0,'DD',1,6900,590,1),(59793,174,3200662,1,1,0,'DD',1,6900,590,1),(59793,163,3202388,1,1,1,'DD',1,6900,590,1),(59793,164,3202388,1,1,0,'DD',1,6900,590,1),(59793,165,3202388,1,1,0,'DD',1,6900,590,1),(59793,166,3202388,1,1,0,'DD',1,6900,590,1),(59793,167,3202388,1,1,0,'DD',1,6900,590,1),(59793,168,3202388,1,1,0,'DD',1,6900,590,1),(59793,169,3202388,1,1,0,'DD',1,6900,590,1),(59793,170,3202388,1,1,0,'DD',1,6900,590,1),(59793,171,3202388,1,1,0,'DD',1,6900,590,1),(59793,172,3202388,1,1,0,'DD',1,6900,590,1),(59793,173,3202388,1,1,0,'DD',1,6900,590,1),(59793,174,3202388,1,1,0,'DD',1,6900,590,1),(59793,163,3202978,0,0,0,'R2',14,6900,NULL,1),(59793,164,3202978,0,0,0,'R2',14,6900,NULL,1),(59793,165,3202978,0,0,0,'',14,6900,NULL,1),(59793,166,3202978,0,0,0,'',14,6900,NULL,1),(59793,167,3202978,0,0,0,'',14,6900,NULL,1),(59793,168,3202978,0,0,0,'',14,6900,NULL,1),(59793,169,3202978,0,0,0,'',14,6900,NULL,1),(59793,170,3202978,0,0,0,'',14,6900,NULL,1),(59793,171,3202978,0,0,0,'o',14,6900,NULL,1),(59793,172,3202978,0,0,0,'o',14,6900,NULL,1),(59793,173,3202978,0,0,0,'',14,6900,NULL,1),(59793,174,3202978,0,0,0,'',14,6900,NULL,1),(59793,163,3204063,1,1,1,'DD',1,6900,590,1),(59793,164,3204063,1,1,0,'DD',1,6900,590,1),(59793,165,3204063,1,1,0,'DD',1,6900,590,1),(59793,166,3204063,1,1,0,'DD',1,6900,590,1),(59793,167,3204063,1,1,0,'DD',1,6900,590,1),(59793,168,3204063,1,1,0,'DD',1,6900,590,1),(59793,169,3204063,1,1,0,'DD',1,6900,590,1),(59793,170,3204063,1,1,0,'DD',1,6900,590,1),(59793,171,3204063,1,1,0,'DD',1,6900,590,1),(59793,172,3204063,1,1,0,'DD',1,6900,590,1),(59793,173,3204063,1,1,0,'DD',1,6900,590,1),(59793,174,3204063,1,1,0,'DD',1,6900,590,1),(59793,163,3204097,0,0,0,'',14,6900,NULL,1),(59793,164,3204097,0,0,0,'',14,6900,NULL,1),(59793,165,3204097,0,0,0,'',14,6900,NULL,1),(59793,166,3204097,0,0,0,'',14,6900,NULL,1),(59793,167,3204097,0,0,0,'',14,6900,NULL,1),(59793,168,3204097,0,0,0,'',14,6900,NULL,1),(59793,169,3204097,0,0,0,'',14,6900,NULL,1),(59793,170,3204097,0,0,0,'',14,6900,NULL,1),(59793,171,3204097,0,0,0,'',14,6900,NULL,1),(59793,172,3204097,0,0,0,'',14,6900,NULL,1),(59793,173,3204097,0,0,0,'',14,6900,NULL,1),(59793,174,3204097,0,0,0,'',14,6900,NULL,1),(59793,163,3204326,1,1,1,'DD',1,7900,590,1),(59793,164,3204326,1,1,0,'DD',1,7900,590,1),(59793,165,3204326,1,1,0,'DD',1,7900,590,1),(59793,166,3204326,1,1,0,'DD',1,7900,590,1),(59793,167,3204326,1,1,0,'DD',1,7900,590,1),(59793,168,3204326,1,1,0,'DD',1,7900,590,1),(59793,169,3204326,1,1,0,'DD',1,7900,590,1),(59793,170,3204326,1,1,0,'DD',1,7900,590,1),(59793,171,3204326,1,1,0,'DD',1,7900,590,1),(59793,172,3204326,1,1,0,'DD',1,7900,590,1),(59793,173,3204326,1,1,0,'DD',1,7900,590,1),(59793,174,3204326,1,1,0,'DD',1,7900,590,1),(59793,163,3240021,0,0,0,'R2',14,7900,NULL,1),(59793,164,3240021,0,0,0,'',14,7900,NULL,1),(59793,165,3240021,0,0,0,'',14,7900,NULL,1),(59793,166,3240021,0,0,0,'',14,7900,NULL,1),(59793,167,3240021,0,0,0,'',14,7900,NULL,1),(59793,168,3240021,0,0,0,'',14,7900,NULL,1),(59793,169,3240021,0,0,0,'',14,7900,NULL,1),(59793,170,3240021,0,0,0,'',14,7900,NULL,1),(59793,171,3240021,0,0,0,'R2',14,7900,NULL,1),(59793,172,3240021,0,0,0,'',14,7900,NULL,1),(59793,173,3240021,0,0,0,'',14,7900,NULL,1),(59793,174,3240021,0,0,0,'',14,7900,NULL,1),(59793,163,3240031,1,1,1,'DD',1,7900,590,1),(59793,164,3240031,1,1,0,'DD',1,7900,590,1),(59793,165,3240031,1,1,0,'DD',1,7900,590,1),(59793,166,3240031,1,1,0,'DD',1,7900,590,1),(59793,167,3240031,1,1,0,'DD',1,7900,590,1),(59793,168,3240031,1,1,0,'DD',1,7900,590,1),(59793,169,3240031,1,1,0,'DD',1,7900,590,1),(59793,170,3240031,1,1,0,'DD',1,7900,590,1),(59793,171,3240031,0,0,0,'o',1,7900,590,1),(59793,172,3240031,1,1,0,'DD',1,7900,590,1),(59793,173,3240031,1,1,0,'DD',1,7900,590,1),(59793,174,3240031,1,1,0,'DD',1,7900,590,1),(59793,163,3250667,0,0,0,'',14,6900,NULL,1),(59793,164,3250667,0,0,0,'',14,6900,NULL,1),(59793,165,3250667,0,0,0,'',14,6900,NULL,1),(59793,166,3250667,0,0,0,'',14,6900,NULL,1),(59793,167,3250667,0,0,0,'',14,6900,NULL,1),(59793,168,3250667,0,0,0,'',14,6900,NULL,1),(59793,169,3250667,0,0,0,'',14,6900,NULL,1),(59793,170,3250667,0,0,0,'',14,6900,NULL,1),(59793,171,3250667,0,0,0,'R2',14,6900,NULL,1),(59793,172,3250667,0,0,0,'',14,6900,NULL,1),(59793,173,3250667,0,0,0,'',14,6900,NULL,1),(59793,174,3250667,0,0,0,'',14,6900,NULL,1),(59793,163,3260340,0,0,0,'',14,6900,NULL,1),(59793,164,3260340,0,0,0,'',14,6900,NULL,1),(59793,165,3260340,0,0,0,'',14,6900,NULL,1),(59793,166,3260340,0,0,0,'',14,6900,NULL,1),(59793,167,3260340,0,0,0,'',14,6900,NULL,1),(59793,168,3260340,0,0,0,'',14,6900,NULL,1),(59793,169,3260340,0,0,0,'',14,6900,NULL,1),(59793,170,3260340,0,0,0,'',14,6900,NULL,1),(59793,171,3260340,0,0,0,'R2',14,6900,NULL,1),(59793,172,3260340,0,0,0,'',14,6900,NULL,1),(59793,173,3260340,0,0,0,'',14,6900,NULL,1),(59793,174,3260340,0,0,0,'',14,6900,NULL,1),(59793,163,3260684,0,0,0,'',14,5900,NULL,1),(59793,164,3260684,0,0,0,'R2',14,5900,NULL,1),(59793,165,3260684,0,0,0,'R2',14,5900,NULL,1),(59793,166,3260684,0,0,0,'',14,5900,NULL,1),(59793,167,3260684,0,0,0,'',14,5900,NULL,1),(59793,168,3260684,0,0,0,'',14,5900,NULL,1),(59793,169,3260684,0,0,0,'',14,5900,NULL,1),(59793,170,3260684,0,0,0,'',14,5900,NULL,1),(59793,171,3260684,0,0,0,'R2',14,5900,NULL,1),(59793,172,3260684,0,0,0,'',14,5900,NULL,1),(59793,173,3260684,0,0,0,'',14,5900,NULL,1),(59793,174,3260684,0,0,0,'',14,5900,NULL,1),(59793,163,3261565,0,0,0,'',14,6900,NULL,1),(59793,164,3261565,0,0,0,'',14,6900,NULL,1),(59793,165,3261565,0,0,0,'',14,6900,NULL,1),(59793,166,3261565,0,0,0,'',14,6900,NULL,1),(59793,167,3261565,0,0,0,'',14,6900,NULL,1),(59793,168,3261565,0,0,0,'',14,6900,NULL,1),(59793,169,3261565,0,0,0,'',14,6900,NULL,1),(59793,170,3261565,0,0,0,'',14,6900,NULL,1),(59793,171,3261565,0,0,0,'',14,6900,NULL,1),(59793,172,3261565,0,0,0,'',14,6900,NULL,1),(59793,173,3261565,0,0,0,'',14,6900,NULL,1),(59793,174,3261565,0,0,0,'',14,6900,NULL,1),(59793,163,7500409,1,1,1,'',1,4900,590,1),(59793,164,7500409,1,1,0,'',1,4900,590,1),(59793,165,7500409,1,1,0,'',1,4900,590,1),(59793,166,7500409,1,1,0,'',1,4900,590,1),(59793,167,7500409,1,1,0,'',1,4900,590,1),(59793,168,7500409,1,1,0,'',1,4900,590,1),(59793,169,7500409,1,1,0,'',1,4900,590,1),(59793,170,7500409,1,1,0,'',1,4900,590,1),(59793,171,7500409,1,1,0,'',1,4900,590,1),(59793,172,7500409,1,1,0,'',1,4900,590,1),(59793,173,7500409,1,1,0,'',1,4900,590,1),(59793,174,7500409,1,1,0,'',1,4900,590,1),(59793,163,7500422,0,0,0,'',1,5900,590,1),(59793,164,7500422,0,0,0,'',1,5900,590,1),(59793,165,7500422,0,0,0,'',1,5900,590,1),(59793,166,7500422,0,0,0,'',1,5900,590,1),(59793,167,7500422,0,0,0,'',1,5900,590,1),(59793,168,7500422,0,0,0,'',1,5900,590,1),(59793,169,7500422,0,0,0,'',1,5900,590,1),(59793,170,7500422,0,0,0,'',1,5900,590,1),(59793,171,7500422,1,1,0,'',1,5900,590,1),(59793,172,7500422,0,0,0,'',1,5900,590,1),(59793,173,7500422,0,0,0,'',1,5900,590,1),(59793,174,7500422,0,0,0,'',1,5900,590,1),(59793,163,7500450,0,0,0,'',14,5900,NULL,1),(59793,164,7500450,0,0,0,'',14,5900,NULL,1),(59793,165,7500450,0,0,0,'',14,5900,NULL,1),(59793,166,7500450,0,0,0,'',14,5900,NULL,1),(59793,167,7500450,0,0,0,'',14,5900,NULL,1),(59793,168,7500450,0,0,0,'',14,5900,NULL,1),(59793,169,7500450,0,0,0,'',14,5900,NULL,1),(59793,170,7500450,0,0,0,'',14,5900,NULL,1),(59793,171,7500450,0,0,0,'',14,5900,NULL,1),(59793,172,7500450,0,0,0,'',14,5900,NULL,1),(59793,173,7500450,0,0,0,'',14,5900,NULL,1),(59793,174,7500450,0,0,0,'',14,5900,NULL,1),(59793,163,7500552,0,0,0,'',14,5900,NULL,1),(59793,164,7500552,0,0,0,'',14,5900,NULL,1),(59793,165,7500552,0,0,0,'',14,5900,NULL,1),(59793,166,7500552,0,0,0,'',14,5900,NULL,1),(59793,167,7500552,0,0,0,'',14,5900,NULL,1),(59793,168,7500552,0,0,0,'',14,5900,NULL,1),(59793,169,7500552,0,0,0,'',14,5900,NULL,1),(59793,170,7500552,0,0,0,'',14,5900,NULL,1),(59793,171,7500552,0,0,0,'',14,5900,NULL,1),(59793,172,7500552,0,0,0,'',14,5900,NULL,1),(59793,173,7500552,0,0,0,'',14,5900,NULL,1),(59793,174,7500552,0,0,0,'',14,5900,NULL,1),(59793,163,7740053,1,1,1,'DD',1,5900,590,1),(59793,164,7740053,1,1,0,'DD',1,5900,590,1),(59793,165,7740053,1,1,0,'DD',1,5900,590,1),(59793,166,7740053,1,1,0,'DD',1,5900,590,1),(59793,167,7740053,1,1,0,'DD',1,5900,590,1),(59793,168,7740053,1,1,0,'DD',1,5900,590,1),(59793,169,7740053,1,1,0,'DD',1,5900,590,1),(59793,170,7740053,1,1,0,'DD',1,5900,590,1),(59793,171,7740053,1,1,0,'DD',1,5900,590,1),(59793,172,7740053,1,1,0,'DD',1,5900,590,1),(59793,173,7740053,1,1,0,'DD',1,5900,590,1),(59793,174,7740053,1,1,0,'DD',1,5900,590,1),(59794,153,11100096,1,1,0,'DD',3,15500,0,1),(59794,154,11100096,1,1,0,'DD',3,15500,0,1),(59794,155,11100096,1,1,0,'DD',3,15500,0,1),(59794,163,11100096,1,1,0,'DD',3,15500,0,1),(59794,164,11100096,1,1,0,'DD',3,15500,0,1),(59795,165,17811,1,1,0,'',9,1317,0,1),(59795,166,17811,1,1,0,'',9,1317,0,1),(59795,167,17811,1,1,0,'',9,1317,0,1),(59795,168,17811,1,1,0,'',9,1317,0,1),(59795,169,17811,1,1,0,'',9,1317,0,1),(59795,170,17811,1,1,0,'',9,1317,0,1),(59795,171,17811,1,1,0,'',9,1317,0,1),(59795,172,17811,1,1,0,'',9,1317,0,1),(59795,173,17811,1,1,0,'',9,1317,0,1),(59795,174,17811,1,1,0,'',9,1317,0,1),(59795,175,17811,1,1,0,'',9,1317,0,1),(59795,176,17811,1,1,0,'',9,1317,0,1),(59795,165,17819,1,1,0,'',9,2110,0,1),(59795,166,17819,1,1,0,'',9,2110,0,1),(59795,167,17819,1,1,0,'',9,2110,0,1),(59795,168,17819,1,1,0,'',9,2110,0,1),(59795,169,17819,1,1,0,'',9,2110,0,1),(59795,170,17819,1,1,0,'',9,2110,0,1),(59795,171,17819,1,1,0,'',9,2110,0,1),(59795,172,17819,1,1,0,'',9,2110,0,1),(59795,173,17819,1,1,0,'',9,2110,0,1),(59795,174,17819,1,1,0,'',9,2110,0,1),(59795,175,17819,1,1,0,'',9,2110,0,1),(59795,176,17819,1,1,0,'',9,2110,0,1),(59795,165,17823,1,1,0,'',9,2110,0,1),(59795,166,17823,1,1,0,'',9,2110,0,1),(59795,167,17823,1,1,0,'',9,2110,0,1),(59795,168,17823,1,1,0,'',9,2110,0,1),(59795,169,17823,1,1,0,'',9,2110,0,1),(59795,170,17823,1,1,0,'',9,2110,0,1),(59795,171,17823,1,1,0,'',9,2110,0,1),(59795,172,17823,1,1,0,'',9,2110,0,1),(59795,173,17823,1,1,0,'',9,2110,0,1),(59795,174,17823,1,1,0,'',9,2110,0,1),(59795,175,17823,1,1,0,'',9,2110,0,1),(59795,176,17823,1,1,0,'',9,2110,0,1),(59795,165,17826,0,0,0,'',9,4220,0,1),(59795,166,17826,0,0,0,'',9,4220,0,1),(59795,167,17826,0,0,0,'',9,4220,0,1),(59795,168,17826,0,0,0,'',9,4220,0,1),(59795,169,17826,0,0,0,'',9,4220,0,1),(59795,170,17826,0,0,0,'',9,4220,0,1),(59795,171,17826,0,0,0,'',9,4220,0,1),(59795,172,17826,0,0,0,'',9,4220,0,1),(59795,173,17826,0,0,0,'',9,4220,0,1),(59795,174,17826,0,0,0,'',9,4220,0,1),(59795,175,17826,0,0,0,'',9,4220,0,1),(59795,176,17826,0,0,0,'',9,4220,0,1),(59795,165,17828,1,1,0,'',9,2110,0,1),(59795,166,17828,1,1,0,'',9,2110,0,1),(59795,167,17828,1,1,0,'',9,2110,0,1),(59795,168,17828,1,1,0,'',9,2110,0,1),(59795,169,17828,1,1,0,'',9,2110,0,1),(59795,170,17828,1,1,0,'',9,2110,0,1),(59795,171,17828,1,1,0,'',9,2110,0,1),(59795,172,17828,1,1,0,'',9,2110,0,1),(59795,173,17828,1,1,0,'',9,2110,0,1),(59795,174,17828,1,1,0,'',9,2110,0,1),(59795,175,17828,1,1,0,'',9,2110,0,1),(59795,176,17828,1,1,0,'',9,2110,0,1),(59795,165,17829,1,1,0,'',9,2110,0,1),(59795,166,17829,1,1,0,'',9,2110,0,1),(59795,167,17829,1,1,0,'',9,2110,0,1),(59795,168,17829,1,1,0,'',9,2110,0,1),(59795,169,17829,1,1,0,'',9,2110,0,1),(59795,170,17829,1,1,0,'',9,2110,0,1),(59795,171,17829,1,1,0,'',9,2110,0,1),(59795,172,17829,1,1,0,'',9,2110,0,1),(59795,173,17829,1,1,0,'',9,2110,0,1),(59795,174,17829,1,1,0,'',9,2110,0,1),(59795,175,17829,1,1,0,'',9,2110,0,1),(59795,176,17829,1,1,0,'',9,2110,0,1),(59795,165,17831,0,0,0,'',9,2634,0,1),(59795,166,17831,0,0,0,'',9,2634,0,1),(59795,167,17831,0,0,0,'',9,2634,0,1),(59795,168,17831,0,0,0,'',9,2634,0,1),(59795,169,17831,0,0,0,'',9,2634,0,1),(59795,170,17831,0,0,0,'',9,2634,0,1),(59795,171,17831,0,0,0,'',9,2634,0,1),(59795,172,17831,0,0,0,'',9,2634,0,1),(59795,173,17831,0,0,0,'',9,2634,0,1),(59795,174,17831,0,0,0,'',9,2634,0,1),(59795,175,17831,0,0,0,'',9,2634,0,1),(59795,176,17831,0,0,0,'',9,2634,0,1),(59795,165,17835,1,1,0,'',9,1125,0,1),(59795,166,17835,1,1,0,'',9,1125,0,1),(59795,167,17835,1,1,0,'',9,1125,0,1),(59795,168,17835,1,1,0,'',9,1125,0,1),(59795,169,17835,1,1,0,'',9,1125,0,1),(59795,170,17835,1,1,0,'',9,1125,0,1),(59795,171,17835,1,1,0,'',9,1125,0,1),(59795,172,17835,1,1,0,'',9,1125,0,1),(59795,173,17835,1,1,0,'',9,1125,0,1),(59795,174,17835,1,1,0,'',9,1125,0,1),(59795,175,17835,1,1,0,'',9,1125,0,1),(59795,176,17835,1,1,0,'',9,1125,0,1),(59795,165,17837,0,0,0,'',9,4220,0,1),(59795,166,17837,0,0,0,'',9,4220,0,1),(59795,167,17837,0,0,0,'',9,4220,0,1),(59795,168,17837,0,0,0,'',9,4220,0,1),(59795,169,17837,0,0,0,'',9,4220,0,1),(59795,170,17837,0,0,0,'',9,4220,0,1),(59795,171,17837,0,0,0,'',9,4220,0,1),(59795,172,17837,0,0,0,'',9,4220,0,1),(59795,173,17837,0,0,0,'',9,4220,0,1),(59795,174,17837,0,0,0,'',9,4220,0,1),(59795,175,17837,0,0,0,'',9,4220,0,1),(59795,176,17837,0,0,0,'',9,4220,0,1),(59795,165,17839,0,0,0,'',9,4220,0,1),(59795,166,17839,0,0,0,'',9,4220,0,1),(59795,167,17839,0,0,0,'',9,4220,0,1),(59795,168,17839,0,0,0,'',9,4220,0,1),(59795,169,17839,0,0,0,'',9,4220,0,1),(59795,170,17839,0,0,0,'',9,4220,0,1),(59795,171,17839,0,0,0,'',9,4220,0,1),(59795,172,17839,0,0,0,'',9,4220,0,1),(59795,173,17839,0,0,0,'',9,4220,0,1),(59795,174,17839,0,0,0,'',9,4220,0,1),(59795,175,17839,0,0,0,'',9,4220,0,1),(59795,176,17839,0,0,0,'',9,4220,0,1),(59795,165,17846,1,1,0,'',9,1170,0,1),(59795,166,17846,1,1,0,'',9,1170,0,1),(59795,167,17846,1,1,0,'',9,1170,0,1),(59795,168,17846,1,1,0,'',9,1170,0,1),(59795,169,17846,1,1,0,'',9,1170,0,1),(59795,170,17846,1,1,0,'',9,1170,0,1),(59795,171,17846,1,1,0,'',9,1170,0,1),(59795,172,17846,1,1,0,'',9,1170,0,1),(59795,173,17846,1,1,0,'',9,1170,0,1),(59795,174,17846,1,1,0,'',9,1170,0,1),(59795,175,17846,1,1,0,'',9,1170,0,1),(59795,176,17846,1,1,0,'',9,1170,0,1),(59795,165,17852,1,1,0,'',9,1317,0,1),(59795,166,17852,1,1,0,'',9,1317,0,1),(59795,167,17852,1,1,0,'',9,1317,0,1),(59795,168,17852,1,1,0,'',9,1317,0,1),(59795,169,17852,1,1,0,'',9,1317,0,1),(59795,170,17852,1,1,0,'',9,1317,0,1),(59795,171,17852,1,1,0,'',9,1317,0,1),(59795,172,17852,1,1,0,'',9,1317,0,1),(59795,173,17852,1,1,0,'',9,1317,0,1),(59795,174,17852,1,1,0,'',9,1317,0,1),(59795,175,17852,1,1,0,'',9,1317,0,1),(59795,176,17852,1,1,0,'',9,1317,0,1),(59795,165,17969,0,0,0,'',9,5210,0,1),(59795,166,17969,0,0,0,'',9,5210,0,1),(59795,167,17969,0,0,0,'',9,5210,0,1),(59795,168,17969,0,0,0,'',9,5210,0,1),(59795,169,17969,0,0,0,'',9,5210,0,1),(59795,170,17969,0,0,0,'',9,5210,0,1),(59795,171,17969,0,0,0,'',9,5210,0,1),(59795,172,17969,0,0,0,'',9,5210,0,1),(59795,173,17969,0,0,0,'',9,5210,0,1),(59795,174,17969,0,0,0,'',9,5210,0,1),(59795,175,17969,0,0,0,'',9,5210,0,1),(59795,176,17969,0,0,0,'',9,5210,0,1),(59795,165,17970,0,0,0,'',9,5210,0,1),(59795,166,17970,0,0,0,'',9,5210,0,1),(59795,167,17970,0,0,0,'',9,5210,0,1),(59795,168,17970,0,0,0,'',9,5210,0,1),(59795,169,17970,0,0,0,'',9,5210,0,1),(59795,170,17970,0,0,0,'',9,5210,0,1),(59795,171,17970,0,0,0,'',9,5210,0,1),(59795,172,17970,0,0,0,'',9,5210,0,1),(59795,173,17970,0,0,0,'',9,5210,0,1),(59795,174,17970,0,0,0,'',9,5210,0,1),(59795,175,17970,0,0,0,'',9,5210,0,1),(59795,176,17970,0,0,0,'',9,5210,0,1),(59795,165,17978,0,0,0,'',9,4220,0,1),(59795,166,17978,0,0,0,'',9,4220,0,1),(59795,167,17978,0,0,0,'',9,4220,0,1),(59795,168,17978,0,0,0,'',9,4220,0,1),(59795,169,17978,0,0,0,'',9,4220,0,1),(59795,170,17978,0,0,0,'',9,4220,0,1),(59795,171,17978,0,0,0,'',9,4220,0,1),(59795,172,17978,0,0,0,'',9,4220,0,1),(59795,173,17978,0,0,0,'',9,4220,0,1),(59795,174,17978,0,0,0,'',9,4220,0,1),(59795,175,17978,0,0,0,'',9,4220,0,1),(59795,176,17978,0,0,0,'',9,4220,0,1),(59795,165,17980,0,0,0,'',9,4220,0,1),(59795,166,17980,0,0,0,'',9,4220,0,1),(59795,167,17980,0,0,0,'',9,4220,0,1),(59795,168,17980,0,0,0,'',9,4220,0,1),(59795,169,17980,0,0,0,'',9,4220,0,1),(59795,170,17980,0,0,0,'',9,4220,0,1),(59795,171,17980,0,0,0,'',9,4220,0,1),(59795,172,17980,0,0,0,'',9,4220,0,1),(59795,173,17980,0,0,0,'',9,4220,0,1),(59795,174,17980,0,0,0,'',9,4220,0,1),(59795,175,17980,0,0,0,'',9,4220,0,1),(59795,176,17980,0,0,0,'',9,4220,0,1),(59795,165,18454,0,0,0,'',9,4220,0,1),(59795,166,18454,0,0,0,'',9,4220,0,1),(59795,167,18454,0,0,0,'',9,4220,0,1),(59795,168,18454,0,0,0,'',9,4220,0,1),(59795,169,18454,0,0,0,'',9,4220,0,1),(59795,170,18454,0,0,0,'',9,4220,0,1),(59795,171,18454,0,0,0,'',9,4220,0,1),(59795,172,18454,0,0,0,'',9,4220,0,1),(59795,173,18454,0,0,0,'',9,4220,0,1),(59795,174,18454,0,0,0,'',9,4220,0,1),(59795,175,18454,0,0,0,'',9,4220,0,1),(59795,176,18454,0,0,0,'',9,4220,0,1),(59795,165,31443,0,0,0,'',3645,3500,0,1),(59795,166,31443,0,0,0,'',3645,3500,0,1),(59795,167,31443,0,0,0,'',3645,3500,0,1),(59795,168,31443,0,0,0,'',3645,3500,0,1),(59795,169,31443,0,0,0,'',3645,3500,0,1),(59795,170,31443,0,0,0,'',3645,3500,0,1),(59795,171,31443,0,0,0,'',3645,3500,0,1),(59795,172,31443,0,0,0,'',3645,3500,0,1),(59795,173,31443,0,0,0,'',3645,3500,0,1),(59795,174,31443,0,0,0,'',3645,3500,0,1),(59795,175,31443,0,0,0,'',3645,3500,0,1),(59795,176,31443,0,0,0,'',3645,3500,0,1),(59795,165,31444,0,0,0,'',3645,3500,0,1),(59795,166,31444,0,0,0,'',3645,3500,0,1),(59795,167,31444,0,0,0,'',3645,3500,0,1),(59795,168,31444,0,0,0,'',3645,3500,0,1),(59795,169,31444,0,0,0,'',3645,3500,0,1),(59795,170,31444,0,0,0,'',3645,3500,0,1),(59795,171,31444,0,0,0,'',3645,3500,0,1),(59795,172,31444,0,0,0,'',3645,3500,0,1),(59795,173,31444,0,0,0,'',3645,3500,0,1),(59795,174,31444,0,0,0,'',3645,3500,0,1),(59795,175,31444,0,0,0,'',3645,3500,0,1),(59795,176,31444,0,0,0,'',3645,3500,0,1),(59795,165,31445,0,0,0,'',3645,3500,0,1),(59795,166,31445,0,0,0,'',3645,3500,0,1),(59795,167,31445,0,0,0,'',3645,3500,0,1),(59795,168,31445,0,0,0,'',3645,3500,0,1),(59795,169,31445,0,0,0,'',3645,3500,0,1),(59795,170,31445,0,0,0,'',3645,3500,0,1),(59795,171,31445,0,0,0,'',3645,3500,0,1),(59795,172,31445,0,0,0,'',3645,3500,0,1),(59795,173,31445,0,0,0,'',3645,3500,0,1),(59795,174,31445,0,0,0,'',3645,3500,0,1),(59795,175,31445,0,0,0,'',3645,3500,0,1),(59795,176,31445,0,0,0,'',3645,3500,0,1),(59795,165,31446,0,0,0,'',3645,3500,0,1),(59795,166,31446,0,0,0,'',3645,3500,0,1),(59795,167,31446,0,0,0,'',3645,3500,0,1),(59795,168,31446,0,0,0,'',3645,3500,0,1),(59795,169,31446,0,0,0,'',3645,3500,0,1),(59795,170,31446,0,0,0,'',3645,3500,0,1),(59795,171,31446,0,0,0,'',3645,3500,0,1),(59795,172,31446,0,0,0,'',3645,3500,0,1),(59795,173,31446,0,0,0,'',3645,3500,0,1),(59795,174,31446,0,0,0,'',3645,3500,0,1),(59795,175,31446,0,0,0,'',3645,3500,0,1),(59795,176,31446,0,0,0,'',3645,3500,0,1),(59795,165,31447,0,0,0,'',3645,3500,0,1),(59795,166,31447,0,0,0,'',3645,3500,0,1),(59795,167,31447,0,0,0,'',3645,3500,0,1),(59795,168,31447,0,0,0,'',3645,3500,0,1),(59795,169,31447,0,0,0,'',3645,3500,0,1),(59795,170,31447,0,0,0,'',3645,3500,0,1),(59795,171,31447,0,0,0,'',3645,3500,0,1),(59795,172,31447,0,0,0,'',3645,3500,0,1),(59795,173,31447,0,0,0,'',3645,3500,0,1),(59795,174,31447,0,0,0,'',3645,3500,0,1),(59795,175,31447,0,0,0,'',3645,3500,0,1),(59795,176,31447,0,0,0,'',3645,3500,0,1),(59795,165,31448,0,0,0,'',3645,3500,0,1),(59795,166,31448,0,0,0,'',3645,3500,0,1),(59795,167,31448,0,0,0,'',3645,3500,0,1),(59795,168,31448,0,0,0,'',3645,3500,0,1),(59795,169,31448,0,0,0,'',3645,3500,0,1),(59795,170,31448,0,0,0,'',3645,3500,0,1),(59795,171,31448,0,0,0,'',3645,3500,0,1),(59795,172,31448,0,0,0,'',3645,3500,0,1),(59795,173,31448,0,0,0,'',3645,3500,0,1),(59795,174,31448,0,0,0,'',3645,3500,0,1),(59795,175,31448,0,0,0,'',3645,3500,0,1),(59795,176,31448,0,0,0,'',3645,3500,0,1),(59795,165,31449,0,0,0,'',3645,3500,0,1),(59795,166,31449,0,0,0,'',3645,3500,0,1),(59795,167,31449,0,0,0,'',3645,3500,0,1),(59795,168,31449,0,0,0,'',3645,3500,0,1),(59795,169,31449,0,0,0,'',3645,3500,0,1),(59795,170,31449,0,0,0,'',3645,3500,0,1),(59795,171,31449,0,0,0,'',3645,3500,0,1),(59795,172,31449,0,0,0,'',3645,3500,0,1),(59795,173,31449,0,0,0,'',3645,3500,0,1),(59795,174,31449,0,0,0,'',3645,3500,0,1),(59795,175,31449,0,0,0,'',3645,3500,0,1),(59795,176,31449,0,0,0,'',3645,3500,0,1),(59795,165,31450,0,0,0,'',3645,3500,0,1),(59795,166,31450,0,0,0,'',3645,3500,0,1),(59795,167,31450,0,0,0,'',3645,3500,0,1),(59795,168,31450,0,0,0,'',3645,3500,0,1),(59795,169,31450,0,0,0,'',3645,3500,0,1),(59795,170,31450,0,0,0,'',3645,3500,0,1),(59795,171,31450,0,0,0,'',3645,3500,0,1),(59795,172,31450,0,0,0,'',3645,3500,0,1),(59795,173,31450,0,0,0,'',3645,3500,0,1),(59795,174,31450,0,0,0,'',3645,3500,0,1),(59795,175,31450,0,0,0,'',3645,3500,0,1),(59795,176,31450,0,0,0,'',3645,3500,0,1),(59795,165,31464,1,1,0,'',3644,4320,0,1),(59795,166,31464,1,1,0,'',3644,4320,0,1),(59795,167,31464,1,1,0,'',3644,4320,0,1),(59795,168,31464,1,1,0,'',3644,4320,0,1),(59795,169,31464,1,1,0,'',3644,4320,0,1),(59795,170,31464,1,1,0,'',3644,4320,0,1),(59795,171,31464,1,1,0,'',3644,4320,0,1),(59795,172,31464,1,1,0,'',3644,4320,0,1),(59795,173,31464,1,1,0,'',3644,4320,0,1),(59795,174,31464,1,1,0,'',3644,4320,0,1),(59795,175,31464,1,1,0,'',3644,4320,0,1),(59795,176,31464,1,1,0,'',3644,4320,0,1),(59795,165,31465,1,1,0,'',9,1317,0,1),(59795,166,31465,1,1,0,'',9,1317,0,1),(59795,167,31465,1,1,0,'',9,1317,0,1),(59795,168,31465,1,1,0,'',9,1317,0,1),(59795,169,31465,1,1,0,'',9,1317,0,1),(59795,170,31465,1,1,0,'',9,1317,0,1),(59795,171,31465,1,1,0,'',9,1317,0,1),(59795,172,31465,1,1,0,'',9,1317,0,1),(59795,173,31465,1,1,0,'',9,1317,0,1),(59795,174,31465,1,1,0,'',9,1317,0,1),(59795,175,31465,1,1,0,'',9,1317,0,1),(59795,176,31465,1,1,0,'',9,1317,0,1),(59795,165,31466,1,1,0,'',3644,4320,0,1),(59795,166,31466,1,1,0,'',3644,4320,0,1),(59795,167,31466,1,1,0,'',3644,4320,0,1),(59795,168,31466,1,1,0,'',3644,4320,0,1),(59795,169,31466,1,1,0,'',3644,4320,0,1),(59795,170,31466,1,1,0,'',3644,4320,0,1),(59795,171,31466,1,1,0,'',3644,4320,0,1),(59795,172,31466,1,1,0,'',3644,4320,0,1),(59795,173,31466,1,1,0,'',3644,4320,0,1),(59795,174,31466,1,1,0,'',3644,4320,0,1),(59795,175,31466,1,1,0,'',3644,4320,0,1),(59795,176,31466,1,1,0,'',3644,4320,0,1),(59795,165,31467,1,1,0,'',3644,4320,0,1),(59795,166,31467,1,1,0,'',3644,4320,0,1),(59795,167,31467,1,1,0,'',3644,4320,0,1),(59795,168,31467,1,1,0,'',3644,4320,0,1),(59795,169,31467,1,1,0,'',3644,4320,0,1),(59795,170,31467,1,1,0,'',3644,4320,0,1),(59795,171,31467,1,1,0,'',3644,4320,0,1),(59795,172,31467,1,1,0,'',3644,4320,0,1),(59795,173,31467,1,1,0,'',3644,4320,0,1),(59795,174,31467,1,1,0,'',3644,4320,0,1),(59795,175,31467,1,1,0,'',3644,4320,0,1),(59795,176,31467,1,1,0,'',3644,4320,0,1),(59795,165,31468,1,1,0,'',3644,4320,0,1),(59795,166,31468,1,1,0,'',3644,4320,0,1),(59795,167,31468,1,1,0,'',3644,4320,0,1),(59795,168,31468,1,1,0,'',3644,4320,0,1),(59795,169,31468,1,1,0,'',3644,4320,0,1),(59795,170,31468,1,1,0,'',3644,4320,0,1),(59795,171,31468,1,1,0,'',3644,4320,0,1),(59795,172,31468,1,1,0,'',3644,4320,0,1),(59795,173,31468,1,1,0,'',3644,4320,0,1),(59795,174,31468,1,1,0,'',3644,4320,0,1),(59795,175,31468,1,1,0,'',3644,4320,0,1),(59795,176,31468,1,1,0,'',3644,4320,0,1),(59795,165,31469,1,1,0,'',3644,4320,0,1),(59795,166,31469,1,1,0,'',3644,4320,0,1),(59795,167,31469,1,1,0,'',3644,4320,0,1),(59795,168,31469,1,1,0,'',3644,4320,0,1),(59795,169,31469,1,1,0,'',3644,4320,0,1),(59795,170,31469,1,1,0,'',3644,4320,0,1),(59795,171,31469,1,1,0,'',3644,4320,0,1),(59795,172,31469,1,1,0,'',3644,4320,0,1),(59795,173,31469,1,1,0,'',3644,4320,0,1),(59795,174,31469,1,1,0,'',3644,4320,0,1),(59795,175,31469,1,1,0,'',3644,4320,0,1),(59795,176,31469,1,1,0,'',3644,4320,0,1),(59795,165,31470,1,1,0,'',3644,4320,0,1),(59795,166,31470,1,1,0,'',3644,4320,0,1),(59795,167,31470,1,1,0,'',3644,4320,0,1),(59795,168,31470,1,1,0,'',3644,4320,0,1),(59795,169,31470,1,1,0,'',3644,4320,0,1),(59795,170,31470,1,1,0,'',3644,4320,0,1),(59795,171,31470,1,1,0,'',3644,4320,0,1),(59795,172,31470,1,1,0,'',3644,4320,0,1),(59795,173,31470,1,1,0,'',3644,4320,0,1),(59795,174,31470,1,1,0,'',3644,4320,0,1),(59795,175,31470,1,1,0,'',3644,4320,0,1),(59795,176,31470,1,1,0,'',3644,4320,0,1),(59795,165,31471,1,1,0,'',3644,4320,0,1),(59795,166,31471,1,1,0,'',3644,4320,0,1),(59795,167,31471,1,1,0,'',3644,4320,0,1),(59795,168,31471,1,1,0,'',3644,4320,0,1),(59795,169,31471,1,1,0,'',3644,4320,0,1),(59795,170,31471,1,1,0,'',3644,4320,0,1),(59795,171,31471,1,1,0,'',3644,4320,0,1),(59795,172,31471,1,1,0,'',3644,4320,0,1),(59795,173,31471,1,1,0,'',3644,4320,0,1),(59795,174,31471,1,1,0,'',3644,4320,0,1),(59795,175,31471,1,1,0,'',3644,4320,0,1),(59795,176,31471,1,1,0,'',3644,4320,0,1),(59795,165,31472,1,1,0,'',3644,4320,0,1),(59795,166,31472,1,1,0,'',3644,4320,0,1),(59795,167,31472,1,1,0,'',3644,4320,0,1),(59795,168,31472,1,1,0,'',3644,4320,0,1),(59795,169,31472,1,1,0,'',3644,4320,0,1),(59795,170,31472,1,1,0,'',3644,4320,0,1),(59795,171,31472,1,1,0,'',3644,4320,0,1),(59795,172,31472,1,1,0,'',3644,4320,0,1),(59795,173,31472,1,1,0,'',3644,4320,0,1),(59795,174,31472,1,1,0,'',3644,4320,0,1),(59795,175,31472,1,1,0,'',3644,4320,0,1),(59795,176,31472,1,1,0,'',3644,4320,0,1),(59795,165,11100096,0,0,0,'',3,NULL,0,1),(59795,166,11100096,0,0,0,'',3,NULL,0,1),(59795,167,11100096,0,0,0,'',3,NULL,0,1),(59795,168,11100096,0,0,0,'',3,NULL,0,1),(59795,169,11100096,0,0,0,'',3,NULL,0,1),(59795,170,11100096,0,0,0,'',3,NULL,0,1),(59795,171,11100096,0,0,0,'',3,NULL,0,1),(59795,172,11100096,0,0,0,'',3,NULL,0,1),(59795,173,11100096,0,0,0,'',3,NULL,0,1),(59795,174,11100096,0,0,0,'',3,NULL,0,1),(59795,175,11100096,0,0,0,'',3,NULL,0,1),(59795,176,11100096,0,0,0,'',3,NULL,0,1),(59796,114,17811,1,1,0,'',9,1317,0,1),(59796,115,17811,1,1,0,'',9,1317,0,1),(59796,116,17811,1,1,0,'',9,1317,0,1),(59796,117,17811,1,1,0,'',9,1317,0,1),(59796,118,17811,1,1,0,'',9,1317,0,1),(59796,119,17811,1,1,0,'',9,1317,0,1),(59796,120,17811,1,1,0,'',9,1317,0,1),(59796,121,17811,1,1,0,'',9,1317,0,1),(59796,122,17811,1,1,0,'',9,1317,0,1),(59796,130,17811,1,1,0,'',9,1317,0,1),(59796,142,17811,1,1,0,'',9,1317,0,1),(59796,143,17811,1,1,0,'',9,1317,0,1),(59796,114,17819,1,1,0,'',9,2110,0,1),(59796,115,17819,1,1,0,'',9,2110,0,1),(59796,116,17819,1,1,0,'',9,2110,0,1),(59796,117,17819,1,1,0,'',9,2110,0,1),(59796,118,17819,1,1,0,'',9,2110,0,1),(59796,119,17819,1,1,0,'',9,2110,0,1),(59796,120,17819,1,1,0,'',9,2110,0,1),(59796,121,17819,1,1,0,'',9,2110,0,1),(59796,122,17819,1,1,0,'',9,2110,0,1),(59796,130,17819,1,1,0,'',9,2110,0,1),(59796,142,17819,1,1,0,'',9,2110,0,1),(59796,143,17819,1,1,0,'',9,2110,0,1),(59796,114,17823,1,1,0,'',9,2110,0,1),(59796,115,17823,1,1,0,'',9,2110,0,1),(59796,116,17823,1,1,0,'',9,2110,0,1),(59796,117,17823,1,1,0,'',9,2110,0,1),(59796,118,17823,1,1,0,'',9,2110,0,1),(59796,119,17823,1,1,0,'',9,2110,0,1),(59796,120,17823,1,1,0,'',9,2110,0,1),(59796,121,17823,1,1,0,'',9,2110,0,1),(59796,122,17823,1,1,0,'',9,2110,0,1),(59796,130,17823,1,1,0,'',9,2110,0,1),(59796,142,17823,1,1,0,'',9,2110,0,1),(59796,143,17823,1,1,0,'',9,2110,0,1),(59796,114,17826,1,1,0,'',9,4220,0,1),(59796,115,17826,1,1,0,'',9,4220,0,1),(59796,116,17826,1,1,0,'',9,4220,0,1),(59796,117,17826,1,1,0,'',9,4220,0,1),(59796,118,17826,1,1,0,'',9,4220,0,1),(59796,119,17826,1,1,0,'',9,4220,0,1),(59796,120,17826,1,1,0,'',9,4220,0,1),(59796,121,17826,1,1,0,'',9,4220,0,1),(59796,122,17826,1,1,0,'',9,4220,0,1),(59796,130,17826,1,1,0,'',9,4220,0,1),(59796,142,17826,1,1,0,'',9,4220,0,1),(59796,143,17826,1,1,0,'',9,4220,0,1),(59796,114,17828,1,1,0,'',9,2110,0,1),(59796,115,17828,1,1,0,'',9,2110,0,1),(59796,116,17828,1,1,0,'',9,2110,0,1),(59796,117,17828,1,1,0,'',9,2110,0,1),(59796,118,17828,1,1,0,'',9,2110,0,1),(59796,119,17828,1,1,0,'',9,2110,0,1),(59796,120,17828,1,1,0,'',9,2110,0,1),(59796,121,17828,1,1,0,'',9,2110,0,1),(59796,122,17828,1,1,0,'',9,2110,0,1),(59796,130,17828,1,1,0,'',9,2110,0,1),(59796,142,17828,1,1,0,'',9,2110,0,1),(59796,143,17828,1,1,0,'',9,2110,0,1),(59796,114,17829,1,1,0,'',9,2110,0,1),(59796,115,17829,1,1,0,'',9,2110,0,1),(59796,116,17829,1,1,0,'',9,2110,0,1),(59796,117,17829,1,1,0,'',9,2110,0,1),(59796,118,17829,1,1,0,'',9,2110,0,1),(59796,119,17829,1,1,0,'',9,2110,0,1),(59796,120,17829,1,1,0,'',9,2110,0,1),(59796,121,17829,1,1,0,'',9,2110,0,1),(59796,122,17829,1,1,0,'',9,2110,0,1),(59796,130,17829,1,1,0,'',9,2110,0,1),(59796,142,17829,1,1,0,'',9,2110,0,1),(59796,143,17829,1,1,0,'',9,2110,0,1),(59796,114,17831,1,1,0,'',9,2634,0,1),(59796,115,17831,1,1,0,'',9,2634,0,1),(59796,116,17831,1,1,0,'',9,2634,0,1),(59796,117,17831,1,1,0,'',9,2634,0,1),(59796,118,17831,1,1,0,'',9,2634,0,1),(59796,119,17831,1,1,0,'',9,2634,0,1),(59796,120,17831,1,1,0,'',9,2634,0,1),(59796,121,17831,1,1,0,'',9,2634,0,1),(59796,122,17831,1,1,0,'',9,2634,0,1),(59796,130,17831,1,1,0,'',9,2634,0,1),(59796,142,17831,1,1,0,'',9,2634,0,1),(59796,143,17831,1,1,0,'',9,2634,0,1),(59796,114,17835,1,1,0,'',9,1125,0,1),(59796,115,17835,1,1,0,'',9,1125,0,1),(59796,116,17835,1,1,0,'',9,1125,0,1),(59796,117,17835,1,1,0,'',9,1125,0,1),(59796,118,17835,1,1,0,'',9,1125,0,1),(59796,119,17835,1,1,0,'',9,1125,0,1),(59796,120,17835,1,1,0,'',9,1125,0,1),(59796,121,17835,1,1,0,'',9,1125,0,1),(59796,122,17835,1,1,0,'',9,1125,0,1),(59796,130,17835,1,1,0,'',9,1125,0,1),(59796,142,17835,1,1,0,'',9,1125,0,1),(59796,143,17835,1,1,0,'',9,1125,0,1),(59796,114,17837,1,1,0,'',9,4220,0,1),(59796,115,17837,1,1,0,'',9,4220,0,1),(59796,116,17837,1,1,0,'',9,4220,0,1),(59796,117,17837,1,1,0,'',9,4220,0,1),(59796,118,17837,1,1,0,'',9,4220,0,1),(59796,119,17837,1,1,0,'',9,4220,0,1),(59796,120,17837,1,1,0,'',9,4220,0,1),(59796,121,17837,1,1,0,'',9,4220,0,1),(59796,122,17837,1,1,0,'',9,4220,0,1),(59796,130,17837,1,1,0,'',9,4220,0,1),(59796,142,17837,1,1,0,'',9,4220,0,1),(59796,143,17837,1,1,0,'',9,4220,0,1),(59796,114,17839,1,1,0,'',9,4220,0,1),(59796,115,17839,1,1,0,'',9,4220,0,1),(59796,116,17839,1,1,0,'',9,4220,0,1),(59796,117,17839,1,1,0,'',9,4220,0,1),(59796,118,17839,1,1,0,'',9,4220,0,1),(59796,119,17839,1,1,0,'',9,4220,0,1),(59796,120,17839,1,1,0,'',9,4220,0,1),(59796,121,17839,1,1,0,'',9,4220,0,1),(59796,122,17839,1,1,0,'',9,4220,0,1),(59796,130,17839,1,1,0,'',9,4220,0,1),(59796,142,17839,1,1,0,'',9,4220,0,1),(59796,143,17839,1,1,0,'',9,4220,0,1),(59796,114,17846,1,1,0,'',9,1170,0,1),(59796,115,17846,1,1,0,'',9,1170,0,1),(59796,116,17846,1,1,0,'',9,1170,0,1),(59796,117,17846,1,1,0,'',9,1170,0,1),(59796,118,17846,1,1,0,'',9,1170,0,1),(59796,119,17846,1,1,0,'',9,1170,0,1),(59796,120,17846,1,1,0,'',9,1170,0,1),(59796,121,17846,1,1,0,'',9,1170,0,1),(59796,122,17846,1,1,0,'',9,1170,0,1),(59796,130,17846,1,1,0,'',9,1170,0,1),(59796,142,17846,1,1,0,'',9,1170,0,1),(59796,143,17846,1,1,0,'',9,1170,0,1),(59796,114,17852,1,1,0,'',9,1317,0,1),(59796,115,17852,1,1,0,'',9,1317,0,1),(59796,116,17852,1,1,0,'',9,1317,0,1),(59796,117,17852,1,1,0,'',9,1317,0,1),(59796,118,17852,1,1,0,'',9,1317,0,1),(59796,119,17852,1,1,0,'',9,1317,0,1),(59796,120,17852,1,1,0,'',9,1317,0,1),(59796,121,17852,1,1,0,'',9,1317,0,1),(59796,122,17852,1,1,0,'',9,1317,0,1),(59796,130,17852,1,1,0,'',9,1317,0,1),(59796,142,17852,1,1,0,'',9,1317,0,1),(59796,143,17852,1,1,0,'',9,1317,0,1),(59796,114,17969,1,1,0,'',9,5210,0,1),(59796,115,17969,1,1,0,'',9,5210,0,1),(59796,116,17969,1,1,0,'',9,5210,0,1),(59796,117,17969,1,1,0,'',9,5210,0,1),(59796,118,17969,1,1,0,'',9,5210,0,1),(59796,119,17969,1,1,0,'',9,5210,0,1),(59796,120,17969,1,1,0,'',9,5210,0,1),(59796,121,17969,1,1,0,'',9,5210,0,1),(59796,122,17969,1,1,0,'',9,5210,0,1),(59796,130,17969,1,1,0,'',9,5210,0,1),(59796,142,17969,1,1,0,'',9,5210,0,1),(59796,143,17969,1,1,0,'',9,5210,0,1),(59796,114,17970,1,1,0,'',9,5210,0,1),(59796,115,17970,1,1,0,'',9,5210,0,1),(59796,116,17970,1,1,0,'',9,5210,0,1),(59796,117,17970,1,1,0,'',9,5210,0,1),(59796,118,17970,1,1,0,'',9,5210,0,1),(59796,119,17970,1,1,0,'',9,5210,0,1),(59796,120,17970,1,1,0,'',9,5210,0,1),(59796,121,17970,1,1,0,'',9,5210,0,1),(59796,122,17970,1,1,0,'',9,5210,0,1),(59796,130,17970,1,1,0,'',9,5210,0,1),(59796,142,17970,1,1,0,'',9,5210,0,1),(59796,143,17970,1,1,0,'',9,5210,0,1),(59796,114,17978,1,1,0,'',9,4220,0,1),(59796,115,17978,1,1,0,'',9,4220,0,1),(59796,116,17978,1,1,0,'',9,4220,0,1),(59796,117,17978,1,1,0,'',9,4220,0,1),(59796,118,17978,1,1,0,'',9,4220,0,1),(59796,119,17978,1,1,0,'',9,4220,0,1),(59796,120,17978,1,1,0,'',9,4220,0,1),(59796,121,17978,1,1,0,'',9,4220,0,1),(59796,122,17978,1,1,0,'',9,4220,0,1),(59796,130,17978,1,1,0,'',9,4220,0,1),(59796,142,17978,1,1,0,'',9,4220,0,1),(59796,143,17978,1,1,0,'',9,4220,0,1),(59796,114,17980,1,1,0,'',9,4220,0,1),(59796,115,17980,1,1,0,'',9,4220,0,1),(59796,116,17980,1,1,0,'',9,4220,0,1),(59796,117,17980,1,1,0,'',9,4220,0,1),(59796,118,17980,1,1,0,'',9,4220,0,1),(59796,119,17980,1,1,0,'',9,4220,0,1),(59796,120,17980,1,1,0,'',9,4220,0,1),(59796,121,17980,1,1,0,'',9,4220,0,1),(59796,122,17980,1,1,0,'',9,4220,0,1),(59796,130,17980,1,1,0,'',9,4220,0,1),(59796,142,17980,1,1,0,'',9,4220,0,1),(59796,143,17980,1,1,0,'',9,4220,0,1),(59796,114,18454,1,1,0,'',9,4220,0,1),(59796,115,18454,1,1,0,'',9,4220,0,1),(59796,116,18454,1,1,0,'',9,4220,0,1),(59796,117,18454,1,1,0,'',9,4220,0,1),(59796,118,18454,1,1,0,'',9,4220,0,1),(59796,119,18454,1,1,0,'',9,4220,0,1),(59796,120,18454,1,1,0,'',9,4220,0,1),(59796,121,18454,1,1,0,'',9,4220,0,1),(59796,122,18454,1,1,0,'',9,4220,0,1),(59796,130,18454,1,1,0,'',9,4220,0,1),(59796,142,18454,1,1,0,'',9,4220,0,1),(59796,143,18454,1,1,0,'',9,4220,0,1);
/*!40000 ALTER TABLE `undozaknos` ENABLE KEYS */;
UNLOCK TABLES;

--
-- Table structure for table `undozakobdobi`
--

DROP TABLE IF EXISTS `undozakobdobi`;
/*!40101 SET @saved_cs_client     = @@character_set_client */;
/*!50503 SET character_set_client = utf8mb4 */;
CREATE TABLE `undozakobdobi` (
  `idUndo` int unsigned NOT NULL,
  `idObdobi` smallint unsigned NOT NULL,
  `Poradi` tinyint DEFAULT NULL COMMENT '--delete',
  `DCena` smallint DEFAULT NULL,
  PRIMARY KEY (`idUndo`,`idObdobi`),
  KEY `zak_obdobi` (`idObdobi`),
  KEY `idUndo` (`idUndo`)
) ENGINE=InnoDB DEFAULT CHARSET=cp1250 COLLATE=cp1250_czech_cs;
/*!40101 SET character_set_client = @saved_cs_client */;

--
-- Dumping data for table `undozakobdobi`
--

LOCK TABLES `undozakobdobi` WRITE;
/*!40000 ALTER TABLE `undozakobdobi` DISABLE KEYS */;
INSERT INTO `undozakobdobi` VALUES (59792,163,NULL,NULL),(59792,164,NULL,NULL),(59792,165,NULL,NULL),(59792,166,NULL,NULL),(59792,167,NULL,NULL),(59792,168,NULL,NULL),(59792,169,NULL,NULL),(59792,170,NULL,NULL),(59792,171,NULL,NULL),(59792,172,NULL,NULL),(59792,173,NULL,NULL),(59792,174,NULL,NULL),(59793,163,NULL,NULL),(59793,164,NULL,NULL),(59793,165,NULL,NULL),(59793,166,NULL,NULL),(59793,167,NULL,NULL),(59793,168,NULL,NULL),(59793,169,NULL,NULL),(59793,170,NULL,NULL),(59793,171,NULL,NULL),(59793,172,NULL,NULL),(59793,173,NULL,NULL),(59793,174,NULL,NULL),(59794,153,NULL,NULL),(59794,154,NULL,NULL),(59794,155,NULL,NULL),(59794,163,NULL,NULL),(59794,164,NULL,NULL),(59795,165,NULL,NULL),(59795,166,NULL,NULL),(59795,167,NULL,NULL),(59795,168,NULL,NULL),(59795,169,NULL,NULL),(59795,170,NULL,NULL),(59795,171,NULL,NULL),(59795,172,NULL,NULL),(59795,173,NULL,NULL),(59795,174,NULL,NULL),(59795,175,NULL,NULL),(59795,176,NULL,NULL),(59796,114,NULL,NULL),(59796,115,NULL,NULL),(59796,116,NULL,NULL),(59796,117,NULL,NULL),(59796,118,NULL,NULL),(59796,119,NULL,NULL),(59796,120,NULL,NULL),(59796,121,NULL,NULL),(59796,122,NULL,NULL),(59796,130,NULL,NULL),(59796,142,NULL,NULL),(59796,143,NULL,NULL);
/*!40000 ALTER TABLE `undozakobdobi` ENABLE KEYS */;
UNLOCK TABLES;

--
-- Table structure for table `undozakp`
--

DROP TABLE IF EXISTS `undozakp`;
/*!40101 SET @saved_cs_client     = @@character_set_client */;
/*!50503 SET character_set_client = utf8mb4 */;
CREATE TABLE `undozakp` (
  `idUndo` int unsigned NOT NULL,
  `ncis` int NOT NULL,
  `PTyp` char(1) CHARACTER SET cp1250 COLLATE cp1250_czech_cs DEFAULT NULL,
  `PCis` smallint DEFAULT NULL,
  `PMotiv` smallint unsigned DEFAULT NULL,
  `Info` varchar(80) CHARACTER SET cp1250 COLLATE cp1250_czech_cs DEFAULT NULL,
  `kVyznam` tinyint DEFAULT NULL,
  `kStrid` tinyint DEFAULT NULL,
  `mDesek` tinyint DEFAULT NULL,
  `Vzdalenost` varchar(60) CHARACTER SET cp1250 COLLATE cp1250_czech_cs DEFAULT NULL,
  `Sipka` varchar(60) CHARACTER SET cp1250 COLLATE cp1250_czech_cs DEFAULT NULL,
  `Strany` tinyint DEFAULT NULL,
  `NCena` mediumint DEFAULT NULL,
  `idAgent` smallint unsigned DEFAULT NULL,
  PRIMARY KEY (`idUndo`,`ncis`),
  KEY `undozak_nos_idx` (`ncis`),
  KEY `undozak_agent_idx` (`idAgent`) /*!80000 INVISIBLE */,
  KEY `idUndo` (`idUndo`),
  CONSTRAINT `undozak_agent` FOREIGN KEY (`idAgent`) REFERENCES `firmy` (`idFirmy`),
  CONSTRAINT `undozak_nos` FOREIGN KEY (`ncis`) REFERENCES `nosice` (`NCis`),
  CONSTRAINT `undozak_undo` FOREIGN KEY (`idUndo`) REFERENCES `undozak` (`idUndo`) ON DELETE CASCADE
) ENGINE=InnoDB DEFAULT CHARSET=cp1250 COLLATE=cp1250_czech_cs;
/*!40101 SET character_set_client = @saved_cs_client */;

--
-- Dumping data for table `undozakp`
--

LOCK TABLES `undozakp` WRITE;
/*!40000 ALTER TABLE `undozakp` DISABLE KEYS */;
INSERT INTO `undozakp` VALUES (59792,16730,'M',5,2337,'Avion+IKEA',NULL,NULL,NULL,NULL,NULL,1,8585,NULL),(59792,16735,'V',101,9,'14 min rovně',NULL,NULL,NULL,NULL,NULL,1,805,NULL),(59792,16736,'V',102,9,'13 min doprava',NULL,NULL,NULL,NULL,NULL,1,805,NULL),(59792,16738,'V',104,9,'11 min doprava',NULL,NULL,NULL,NULL,NULL,1,805,NULL),(59792,16739,'V',105,9,'11 min. doprava',NULL,NULL,NULL,NULL,NULL,1,805,NULL),(59792,16740,'V',106,9,'14 min rovně',NULL,NULL,NULL,NULL,NULL,1,805,NULL),(59792,16741,'V',107,9,'11 min rovně',NULL,NULL,NULL,NULL,NULL,1,805,NULL),(59792,16742,'V',108,9,'10 min doprava',NULL,NULL,NULL,NULL,NULL,1,805,NULL),(59792,16743,'V',109,9,'9 min rovně',NULL,NULL,NULL,NULL,NULL,1,805,NULL),(59792,16744,'V',110,9,'8 min rovně',NULL,NULL,NULL,NULL,NULL,1,805,NULL),(59792,16745,'V',111,9,'8 min doprava',NULL,NULL,NULL,NULL,NULL,1,805,NULL),(59792,16746,'V',112,9,'8 min doleva',NULL,NULL,NULL,NULL,NULL,1,805,NULL),(59792,16750,'V',116,9,'5 min rovně',NULL,NULL,NULL,NULL,NULL,1,805,NULL),(59792,16751,'V',117,9,'4 min doprava',NULL,NULL,NULL,NULL,NULL,1,805,NULL),(59792,16755,'V',120,9,'13 min rovně',NULL,NULL,NULL,NULL,NULL,1,805,NULL),(59792,16761,'V',126,9,'6 min doprav',NULL,NULL,NULL,NULL,NULL,1,805,NULL),(59792,16762,'V',127,9,'4 min doprava',NULL,NULL,NULL,NULL,NULL,1,805,NULL),(59792,16763,'V',128,9,'10 min doprava',NULL,NULL,NULL,NULL,NULL,1,805,NULL),(59792,16764,'V',129,9,'9 min rovně',NULL,NULL,NULL,NULL,NULL,1,805,NULL),(59792,16765,'V',130,9,'7 min doprava',NULL,NULL,NULL,NULL,NULL,1,805,NULL),(59792,16767,'V',132,9,'4 min doleva',NULL,NULL,NULL,NULL,NULL,1,805,NULL),(59792,16770,'V',135,9,'6 min rovně',NULL,NULL,NULL,NULL,NULL,1,805,NULL),(59792,16772,'V',137,9,'6 min doprava',NULL,NULL,NULL,NULL,NULL,1,805,NULL),(59792,16773,'V',138,9,'6 min doleva',NULL,NULL,NULL,NULL,NULL,1,805,NULL),(59792,16844,'V',140,9,'5 min doleva smyčka',NULL,NULL,NULL,NULL,NULL,1,805,NULL),(59792,16846,'V',142,9,'8 min rovně',NULL,NULL,NULL,NULL,NULL,1,805,NULL),(59792,22513,'V',143,9,NULL,NULL,NULL,NULL,NULL,NULL,1,805,NULL),(59792,771925,'B',6,2338,'Avion+IKEA',NULL,NULL,NULL,NULL,NULL,1,0,NULL),(59792,825055,'B',15,2339,NULL,NULL,NULL,NULL,NULL,NULL,1,5000,NULL),(59792,825430,'B',17,2339,NULL,NULL,NULL,NULL,NULL,NULL,1,5000,NULL),(59792,825551,'B',8,2338,NULL,NULL,NULL,NULL,NULL,NULL,1,5000,NULL),(59792,825553,'B',9,2338,NULL,NULL,NULL,NULL,NULL,NULL,1,5000,NULL),(59792,825790,'B',20,2339,NULL,NULL,NULL,NULL,NULL,NULL,1,0,NULL),(59792,825820,'B',39,1,NULL,NULL,NULL,NULL,NULL,NULL,1,5000,NULL),(59792,3200502,'B',31,2338,NULL,NULL,NULL,NULL,NULL,NULL,1,4900,NULL),(59792,3203012,'B',14,2339,'střídání - Líšeň',NULL,NULL,NULL,NULL,NULL,1,4900,NULL),(59792,3204296,'B',7,2338,NULL,NULL,NULL,NULL,NULL,NULL,1,4900,NULL),(59792,3231435,'B',12,2339,'Avion',NULL,NULL,NULL,NULL,NULL,1,4900,NULL),(59792,3241581,'B',18,2339,NULL,NULL,NULL,NULL,NULL,NULL,1,4900,NULL),(59792,3250672,'B',13,2339,'Avion',NULL,NULL,NULL,NULL,NULL,1,4900,NULL),(59792,3251907,'B',10,2338,'střídání - Slatina',NULL,NULL,NULL,NULL,NULL,1,4900,NULL),(59792,3261454,'B',51,1,NULL,NULL,NULL,NULL,NULL,NULL,1,4900,NULL),(59792,274300078,'B',2,2337,'Avion+IKEA',NULL,NULL,NULL,NULL,NULL,1,18000,NULL),(59793,16057,'M',1,4,NULL,NULL,NULL,NULL,NULL,NULL,1,9601,NULL),(59793,19022,'B',6,1,NULL,NULL,NULL,NULL,NULL,NULL,1,7350,NULL),(59793,27196,'M',3,4,NULL,NULL,NULL,NULL,NULL,NULL,1,9090,NULL),(59793,233875,'M',118,4,NULL,NULL,NULL,NULL,NULL,NULL,1,NULL,NULL),(59793,233880,'M',119,4,NULL,NULL,NULL,NULL,NULL,NULL,1,NULL,NULL),(59793,233935,'M',120,4,NULL,NULL,NULL,NULL,NULL,NULL,1,NULL,NULL),(59793,233995,'M',117,4,NULL,NULL,NULL,NULL,NULL,NULL,1,5984,NULL),(59793,700798,'B',121,1,NULL,NULL,NULL,NULL,NULL,NULL,1,NULL,NULL),(59793,773040,'B',122,1,NULL,NULL,NULL,NULL,NULL,NULL,1,NULL,NULL),(59793,773254,'B',12,1,NULL,NULL,NULL,NULL,NULL,NULL,1,4000,NULL),(59793,774403,'B',123,1,NULL,NULL,NULL,NULL,NULL,NULL,1,NULL,NULL),(59793,790026,'B',8,1,NULL,NULL,NULL,NULL,NULL,NULL,1,4000,NULL),(59793,825142,'B',18,1,NULL,NULL,NULL,NULL,NULL,NULL,1,5000,NULL),(59793,825921,'B',24,1,NULL,NULL,NULL,NULL,NULL,NULL,1,5000,NULL),(59793,1413551,'B',124,1,NULL,NULL,NULL,NULL,NULL,NULL,1,NULL,NULL),(59793,3200662,'B',9,1,NULL,NULL,NULL,NULL,NULL,NULL,1,6705,NULL),(59793,3202388,'B',125,1,NULL,NULL,NULL,NULL,NULL,NULL,1,6480,NULL),(59793,3202978,'B',126,1,NULL,NULL,NULL,NULL,NULL,NULL,1,NULL,NULL),(59793,3204063,'B',127,1,NULL,NULL,NULL,NULL,NULL,NULL,1,6705,NULL),(59793,3204097,'B',128,1,NULL,NULL,NULL,NULL,NULL,NULL,1,NULL,NULL),(59793,3204326,'B',113,1,NULL,NULL,NULL,NULL,NULL,NULL,1,7605,NULL),(59793,3240021,'B',129,1,NULL,NULL,NULL,NULL,NULL,NULL,1,NULL,NULL),(59793,3240031,'B',130,1,NULL,NULL,NULL,NULL,NULL,NULL,1,7605,NULL),(59793,3250667,'B',131,1,NULL,NULL,NULL,NULL,NULL,NULL,1,NULL,NULL),(59793,3260340,'B',132,1,NULL,NULL,NULL,NULL,NULL,NULL,1,NULL,NULL),(59793,3260684,'B',133,1,NULL,NULL,NULL,NULL,NULL,NULL,1,NULL,NULL),(59793,3261565,'B',134,1,NULL,NULL,NULL,NULL,NULL,NULL,1,NULL,NULL),(59793,7500409,'B',4,1,'',NULL,NULL,NULL,NULL,NULL,1,4300,NULL),(59793,7500422,'B',135,1,NULL,NULL,NULL,NULL,NULL,NULL,1,NULL,NULL),(59793,7500450,'B',136,1,NULL,NULL,NULL,NULL,NULL,NULL,1,NULL,NULL),(59793,7500552,'B',137,1,NULL,NULL,NULL,NULL,NULL,NULL,1,NULL,NULL),(59793,7740053,'B',5,1,NULL,NULL,NULL,NULL,NULL,NULL,1,5000,NULL),(59794,11100096,'G',1,3,NULL,NULL,NULL,NULL,NULL,NULL,1,NULL,NULL),(59795,17811,'V',1,9,NULL,NULL,NULL,NULL,NULL,NULL,1,922,NULL),(59795,17819,'V',2,9,NULL,NULL,NULL,NULL,NULL,NULL,1,1477,NULL),(59795,17823,'V',6,9,NULL,NULL,NULL,NULL,NULL,NULL,1,1477,NULL),(59795,17826,'V',9,9,NULL,NULL,NULL,NULL,NULL,NULL,2,2954,NULL),(59795,17828,'V',10,9,NULL,NULL,NULL,NULL,NULL,NULL,1,1477,NULL),(59795,17829,'V',11,9,NULL,NULL,NULL,NULL,NULL,NULL,1,1477,NULL),(59795,17831,'V',12,9,NULL,NULL,NULL,NULL,NULL,NULL,2,1844,NULL),(59795,17835,'V',13,9,NULL,NULL,NULL,NULL,NULL,NULL,1,775,NULL),(59795,17837,'V',14,9,NULL,NULL,NULL,NULL,NULL,NULL,2,2954,NULL),(59795,17839,'V',15,9,NULL,NULL,NULL,NULL,NULL,NULL,2,530,NULL),(59795,17846,'V',16,9,NULL,NULL,NULL,NULL,NULL,NULL,1,775,NULL),(59795,17852,'V',17,9,NULL,NULL,NULL,NULL,NULL,NULL,1,922,NULL),(59795,17969,'V',47,9,NULL,NULL,NULL,NULL,NULL,NULL,2,2954,NULL),(59795,17970,'V',48,9,NULL,NULL,NULL,NULL,NULL,NULL,2,2954,NULL),(59795,17978,'V',45,9,NULL,NULL,NULL,NULL,NULL,NULL,2,2954,NULL),(59795,17980,'V',46,9,NULL,NULL,NULL,NULL,NULL,NULL,2,2954,NULL),(59795,18454,'V',58,9,NULL,NULL,NULL,NULL,NULL,NULL,2,2954,NULL),(59795,31443,'V',59,9,NULL,NULL,NULL,NULL,NULL,NULL,1,1060,NULL),(59795,31444,'V',60,9,NULL,NULL,NULL,NULL,NULL,NULL,1,1060,NULL),(59795,31445,'V',61,9,NULL,NULL,NULL,NULL,NULL,NULL,1,1060,NULL),(59795,31446,'V',62,9,NULL,NULL,NULL,NULL,NULL,NULL,1,1060,NULL),(59795,31447,'V',63,9,NULL,NULL,NULL,NULL,NULL,NULL,1,1060,NULL),(59795,31448,'V',64,9,NULL,NULL,NULL,NULL,NULL,NULL,1,1060,NULL),(59795,31449,'V',65,9,NULL,NULL,NULL,NULL,NULL,NULL,1,1060,NULL),(59795,31450,'V',66,9,NULL,NULL,NULL,NULL,NULL,NULL,1,1060,NULL),(59795,31464,'V',67,9,NULL,NULL,NULL,NULL,NULL,NULL,1,530,NULL),(59795,31465,'V',68,9,NULL,NULL,NULL,NULL,NULL,NULL,1,922,NULL),(59795,31466,'V',69,9,NULL,NULL,NULL,NULL,NULL,NULL,1,530,NULL),(59795,31467,'V',70,9,NULL,NULL,NULL,NULL,NULL,NULL,1,530,NULL),(59795,31468,'V',71,9,NULL,NULL,NULL,NULL,NULL,NULL,1,530,NULL),(59795,31469,'V',72,9,NULL,NULL,NULL,NULL,NULL,NULL,1,530,NULL),(59795,31470,'V',73,9,NULL,NULL,NULL,NULL,NULL,NULL,1,530,NULL),(59795,31471,'V',74,9,NULL,NULL,NULL,NULL,NULL,NULL,1,530,NULL),(59795,31472,'V',75,9,NULL,NULL,NULL,NULL,NULL,NULL,1,530,NULL),(59795,11100096,'G',1,3,NULL,NULL,NULL,NULL,NULL,NULL,1,NULL,NULL),(59796,17811,'V',1,9,NULL,NULL,NULL,NULL,NULL,NULL,1,NULL,NULL),(59796,17819,'V',2,9,NULL,NULL,NULL,NULL,NULL,NULL,1,NULL,NULL),(59796,17823,'V',6,9,NULL,NULL,NULL,NULL,NULL,NULL,1,NULL,NULL),(59796,17826,'V',9,9,NULL,NULL,NULL,NULL,NULL,NULL,2,NULL,NULL),(59796,17828,'V',10,9,NULL,NULL,NULL,NULL,NULL,NULL,1,NULL,NULL),(59796,17829,'V',11,9,NULL,NULL,NULL,NULL,NULL,NULL,1,NULL,NULL),(59796,17831,'V',12,9,NULL,NULL,NULL,NULL,NULL,NULL,2,NULL,NULL),(59796,17835,'V',13,9,NULL,NULL,NULL,NULL,NULL,NULL,1,775,NULL),(59796,17837,'V',14,9,NULL,NULL,NULL,NULL,NULL,NULL,2,NULL,NULL),(59796,17839,'V',15,9,NULL,NULL,NULL,NULL,NULL,NULL,2,NULL,NULL),(59796,17846,'V',16,9,NULL,NULL,NULL,NULL,NULL,NULL,1,775,NULL),(59796,17852,'V',17,9,NULL,NULL,NULL,NULL,NULL,NULL,1,NULL,NULL),(59796,17969,'V',47,9,NULL,NULL,NULL,NULL,NULL,NULL,2,NULL,NULL),(59796,17970,'V',48,9,NULL,NULL,NULL,NULL,NULL,NULL,2,NULL,NULL),(59796,17978,'V',45,9,NULL,NULL,NULL,NULL,NULL,NULL,2,NULL,NULL),(59796,17980,'V',46,9,NULL,NULL,NULL,NULL,NULL,NULL,2,NULL,NULL),(59796,18454,'V',58,9,NULL,NULL,NULL,NULL,NULL,NULL,2,NULL,NULL);
/*!40000 ALTER TABLE `undozakp` ENABLE KEYS */;
UNLOCK TABLES;
/*!40103 SET TIME_ZONE=@OLD_TIME_ZONE */;

/*!40101 SET SQL_MODE=@OLD_SQL_MODE */;
/*!40014 SET FOREIGN_KEY_CHECKS=@OLD_FOREIGN_KEY_CHECKS */;
/*!40014 SET UNIQUE_CHECKS=@OLD_UNIQUE_CHECKS */;
/*!40101 SET CHARACTER_SET_CLIENT=@OLD_CHARACTER_SET_CLIENT */;
/*!40101 SET CHARACTER_SET_RESULTS=@OLD_CHARACTER_SET_RESULTS */;
/*!40101 SET COLLATION_CONNECTION=@OLD_COLLATION_CONNECTION */;
/*!40111 SET SQL_NOTES=@OLD_SQL_NOTES */;

-- Dump completed on 2022-03-24 14:23:59
